Workbook
Name Slicer_M_C5: #N/A
Name Slicer_M_C4: #N/A
Name Slicer_M_C2: #N/A
Name Slicer_M_C1: #N/A
Name Slicer_Shift: #N/A
Name Slicer_Date: #N/A
Name Slicer_M_C: #N/A
Name Slicer_M_C3: #N/A
Name _3299.00: #REF!
Name HARSHAD: #REF!

Sheet PD REPORT
E1: IN Running REJ. | F1: Grinding Reworkork | G1: *** | H1: *** | I1: *** | J1: *** | L1: *** | N1: *** | P1: 0 | Q1: 0 | R1: 0 | S1: 0 | T1: 0 | U1: 0 | V1: 0 | W1: 0 | X1: 0 | Y1: 0 | Z1: 0 | AA1: 0 | AB1: 0 | AC1: 0 | AD1: 0 | AE1: 0 | AF1: 0 | AG1: 0 | AH1: 0 | AI1: 0 | AJ1: 0 | AK1: 0 | AL1: 0 | AM1: 0 | AN1: 0 | AO1: 0 | AP1: 0 | AQ1: 0
E2: =#REF! -> #REF! | H2: b | J2: IR | L2: OR
Q3: IG | R3: =SUMIFS($R$7:$R$135,$D$7:$D$135,$D$4) -> 848 | S3: =SUMIFS(#REF!,#REF!,$D$4) -> #REF! | T3: =SUMIFS(#REF!,#REF!,$D$4) -> #REF!
D4: IG | K4: IG section rework and rejction | Q4: =SUMIFS(#REF!,#REF!,$D$4) -> #REF! | R4: =(SUMIFS(#REF!,#REF!,$D$4)/Q4)*100 -> #REF! | S4: =(SUMIFS(#REF!,#REF!,$D$4)/Q4)*100 -> #REF! | U4: =SUMIFS(#REF!,#REF!,$D$4) -> #REF!
A5: SR NO | B5: Date | C5: Shift | D5: M/C | E5: M/c | F5: Opt | G5: Name 1 | H5: Name 2 | I5: Name 3 | J5: ITEM CODE | K5: ITEM NAME | L5: BATCH NO | M5: .OR/ IR | N5: Cycle time | O5: P.H.P | P5: PASS | Q5: Good | R5: Rework | S5: IN Running REJ. | T5: T.R | U5: Total | V5: Working MINUTES | W5: New Setting 10 | X5: RE SETTING,LODING | Y5: Ovality Problem 11Ov | Z5: Taper Problem 11Tp | AA5: Ra Problem 11Ra | AB5: Raadiua Problem 11Rd | AC5: Size variation Problem 11 Sv IPG Pro | AD5: Roundness Problem 11Ro | AE5: Diamond Turn 11Dt | AF5: Diamond change 11Dc | AG5: Straightness Problem 11St | AH5: Finishing Problem 11Fn | AI5: Vibration Problem 11Vb | AJ5: Step Problem 11Sp | AK5: Squareness problem 11Sq | AL5: Burning Problem 11Br | AM5: Tool Waiting 12 | AN5: No Material 14(INTERNAL) | AO5: Q.C. Waiting 19 | AP5: Wheel Change 17 | AQ5: Wheel Dressing 18 | AR5: No Operator 13 | AS5: New Operator 15 | AT5: Material Defect 16 | AU5: No Material 14(EXTERNAL) | AV5: Under Trial 20 | AW5: Mech.Maint.21 | AX5: Elec. Maint. 22 | AY5: Prev. Maint. 23 | AZ5: No Power 24 | BA5: No Air 25 | BB5: No Coolant 26 | BC5: Other 27 | BD5: Oiling 28 | BE5: M/c Cleaning 29 | BF5: Not In Plan 30 | BG5: TOTAL | BH5: Plan Hrs | BI5: 0 | BJ5: Availability ( Ar ) = x/a (%) | BK5: Net Performance (Pr)=(o*n)/ (x*3600) (%) | BL5: Quality rate (Qr)=(o-p)/o (%) | BM5: O.E.E= Ar*Pr*Cr (%) | BN5: AD | BO5: M/C Plan Qty. | BP5: Down Time (Hrs) | BQ5: Total Loss Qty. | BR5: RA CHECK | BS5: Step check | BT5: ROUNDNESS | BU5: STRAIGTNESS | BV5: Radius | BW5: no.of pass x good qty | XFD5: =SUM(A5:XFC5) -> 0
A6: 0 | W6: 10 | X6: 11 | Y6: 11OV | Z6: 11TP | AA6: 11RA | AB6: 11RD | AC6: 11SV | AD6: 11RO | AE6: 11DT | AF6: 11DC | AG6: 11ST | AH6: 11FN | AI6: 11VB | AJ6: 11SP | AK6: 11SQ | AL6: 11BR | AM6: 12 | AN6: 14 IN | AO6: 19 | AP6: 17 | AQ6: 18 | AR6: 13 | AS6: 15 | AT6: 16 | AU6: 14( EX) | AV6: 20 | AW6: 21 | AX6: 22 | AY6: 23 | AZ6: 24 | BA6: 25 | BB6: 26 | BC6: 27 | BD6: 28 | BE6: 29 | BF6: 30
A7: 1 | B7: 46054 | C7: I | D7: =LEFT(E7,2) -> FG | E7: FG.03 | K7: =VLOOKUP(J7,'[3]Item List (3)'!A$1:B$110000,2,FALSE) -> #N/A | M7: =IF((LEFT(J7))="2",$L$2,$J$2) -> IR | O7: =IFERROR(3600/N7,"") | U7: =Q7+S7+T7 -> 0 | AR7: 480 | BG7: =SUM(V7:BF7) -> 480 | BH7: =BG7/60 -> 8 | BI7: =IFERROR(BH7-SUM(W7:BF7)/60,0) -> 0 | BJ7: =IFERROR(BI7/BH7*100,0) -> 0 | BK7: =IFERROR(((U7*N7)/(BI7*3600)*100),0) -> 0 | BL7: =IFERROR(((U7-(R7+S7+T7))/U7*100),0) -> 0 | BM7: =IFERROR((((BJ7*BK7*BL7)/1000000)*100),0) -> 0 | BN7: =(W7+AP7+BE7+BF7)/60 -> 0 | BO7: =IFERROR(((BH7-BN7)*3600)/N7,0) -> 0 | BP7: =IFERROR(SUM(W7:BF7)/60-BN7,0) -> 8 | BQ7: =IFERROR(BP7*3600/N7,0) -> 0 | BW7: =Q7*P7 -> 0
A8: 2 | B8: 46054 | C8: II | D8: =LEFT(E8,2) -> FG | E8: FG.03 | F8: RFG | G8: Nareshbhai Rathod | H8: Sanjay | J8: 104343.01 | K8: =VLOOKUP(J8,'[3]Item List (3)'!A$1:B$110000,2,FALSE) -> NA/RNA.IR 69/32 | L8: 260101001 | M8: =IF((LEFT(J8))="2",$L$2,$J$2) -> IR | O8: =IFERROR(3600/N8,"") | P8: 1 | Q8: 967 | S8: 5 | U8: =Q8+S8+T8 -> 972 | V8: 210 | X8: 60 | AP8: 150 | AQ8: 60 | BG8: =SUM(V8:BF8) -> 480 | BH8: =BG8/60 -> 8 | BI8: =IFERROR(BH8-SUM(W8:BF8)/60,0) -> 3.5 | BJ8: =IFERROR(BI8/BH8*100,0) -> 43.75 | BK8: =IFERROR(((U8*N8)/(BI8*3600)*100),0) -> 0 | BL8: =IFERROR(((U8-(R8+S8+T8))/U8*100),0) -> 99.485597 | BM8: =IFERROR((((BJ8*BK8*BL8)/1000000)*100),0) -> 0 | BN8: =(W8+AP8+BE8+BF8)/60 -> 2.5 | BO8: =IFERROR(((BH8-BN8)*3600)/N8,0) -> 0 | BP8: =IFERROR(SUM(W8:BF8)/60-BN8,0) -> 2 | BQ8: =IFERROR(BP8*3600/N8,0) -> 0 | BW8: =Q8*P8 -> 967
A9: 3 | B9: 46054 | C9: I | D9: =LEFT(E9,2) -> FG | E9: FG.04 | F9: RFG | G9: Ketan | H9: Sunil | J9: 104299 | K9: =VLOOKUP(J9,'[3]Item List (3)'!A$1:B$110000,2,FALSE) -> IR.9916 | L9: 260107018 | M9: =IF((LEFT(J9))="2",$L$2,$J$2) -> IR | O9: =IFERROR(3600/N9,"") | P9: 1 | Q9: 5000 | U9: =Q9+S9+T9 -> 5000 | V9: 180 | AQ9: 120 | AR9: 120 | BG9: =SUM(V9:BF9) -> 420 | BH9: =BG9/60 -> 7 | BI9: =IFERROR(BH9-SUM(W9:BF9)/60,0) -> 3 | BJ9: =IFERROR(BI9/BH9*100,0) -> 42.857143 | BK9: =IFERROR(((U9*N9)/(BI9*3600)*100),0) -> 0 | BL9: =IFERROR(((U9-(R9+S9+T9))/U9*100),0) -> 100 | BM9: =IFERROR((((BJ9*BK9*BL9)/1000000)*100),0) -> 0 | BN9: =(W9+AP9+BE9+BF9)/60 -> 0 | BO9: =IFERROR(((BH9-BN9)*3600)/N9,0) -> 0 | BP9: =IFERROR(SUM(W9:BF9)/60-BN9,0) -> 4 | BQ9: =IFERROR(BP9*3600/N9,0) -> 0 | BW9: =Q9*P9 -> 5000
A10: 4 | B10: 46054 | C10: I | D10: =LEFT(E10,2) -> FG | E10: FG.04 | F10: FG | G10: Ketan | H10: Sunil | J10: 104299 | K10: =VLOOKUP(J10,'[3]Item List (3)'!A$1:B$110000,2,FALSE) -> IR.9916 | L10: 260107018 | M10: =IF((LEFT(J10))="2",$L$2,$J$2) -> IR | O10: =IFERROR(3600/N10,"") | P10: 1 | Q10: 500 | U10: =Q10+S10+T10 -> 500 | V10: 60 | BG10: =SUM(V10:BF10) -> 60 | BH10: =BG10/60 -> 1 | BI10: =IFERROR(BH10-SUM(W10:BF10)/60,0) -> 1 | BJ10: =IFERROR(BI10/BH10*100,0) -> 100 | BK10: =IFERROR(((U10*N10)/(BI10*3600)*100),0) -> 0 | BL10: =IFERROR(((U10-(R10+S10+T10))/U10*100),0) -> 100 | BM10: =IFERROR((((BJ10*BK10*BL10)/1000000)*100),0) -> 0 | BN10: =(W10+AP10+BE10+BF10)/60 -> 0 | BO10: =IFERROR(((BH10-BN10)*3600)/N10,0) -> 0 | BP10: =IFERROR(SUM(W10:BF10)/60-BN10,0) -> 0 | BQ10: =IFERROR(BP10*3600/N10,0) -> 0 | BW10: =Q10*P10 -> 500
A11: 5 | B11: 46054 | C11: II | D11: =LEFT(E11,2) -> FG | E11: FG.04 | F11: FG | G11: Sunil | H11: Vishal | J11: 104299 | K11: =VLOOKUP(J11,'[3]Item List (3)'!A$1:B$110000,2,FALSE) -> IR.9916 | L11: 260107018 | M11: =IF((LEFT(J11))="2",$L$2,$J$2) -> IR | O11: =IFERROR(3600/N11,"") | P11: 1 | Q11: 7000 | U11: =Q11+S11+T11 -> 7000 | V11: 240 | AQ11: 120 | BG11: =SUM(V11:BF11) -> 360 | BH11: =BG11/60 -> 6 | BI11: =IFERROR(BH11-SUM(W11:BF11)/60,0) -> 4 | BJ11: =IFERROR(BI11/BH11*100,0) -> 66.666667 | BK11: =IFERROR(((U11*N11)/(BI11*3600)*100),0) -> 0 | BL11: =IFERROR(((U11-(R11+S11+T11))/U11*100),0) -> 100 | BM11: =IFERROR((((BJ11*BK11*BL11)/1000000)*100),0) -> 0 | BN11: =(W11+AP11+BE11+BF11)/60 -> 0 | BO11: =IFERROR(((BH11-BN11)*3600)/N11,0) -> 0 | BP11: =IFERROR(SUM(W11:BF11)/60-BN11,0) -> 2 | BQ11: =IFERROR(BP11*3600/N11,0) -> 0 | BW11: =Q11*P11 -> 7000
A12: 6 | B12: 46054 | C12: II | D12: =LEFT(E12,2) -> FG | E12: FG.04 | F12: Light Cut | G12: Sunil | H12: Vishal | J12: 104281 | K12: =VLOOKUP(J12,'[3]Item List (3)'!A$1:B$110000,2,FALSE) -> D.IR 14536 | L12: 251223015 | M12: =IF((LEFT(J12))="2",$L$2,$J$2) -> IR | O12: =IFERROR(3600/N12,"") | P12: 1 | Q12: 385 | U12: =Q12+S12+T12 -> 385 | V12: 60 | W12: 60 | BG12: =SUM(V12:BF12) -> 120 | BH12: =BG12/60 -> 2 | BI12: =IFERROR(BH12-SUM(W12:BF12)/60,0) -> 1 | BJ12: =IFERROR(BI12/BH12*100,0) -> 50 | BK12: =IFERROR(((U12*N12)/(BI12*3600)*100),0) -> 0 | BL12: =IFERROR(((U12-(R12+S12+T12))/U12*100),0) -> 100 | BM12: =IFERROR((((BJ12*BK12*BL12)/1000000)*100),0) -> 0 | BN12: =(W12+AP12+BE12+BF12)/60 -> 1 | BO12: =IFERROR(((BH12-BN12)*3600)/N12,0) -> 0 | BP12: =IFERROR(SUM(W12:BF12)/60-BN12,0) -> 0 | BQ12: =IFERROR(BP12*3600/N12,0) -> 0 | BW12: =Q12*P12 -> 385
A13: 7 | B13: 46054 | C13: I | D13: =LEFT(E13,2) -> CG | E13: CG.02 | K13: =VLOOKUP(J13,'[3]Item List (3)'!A$1:B$110000,2,FALSE) -> #N/A | M13: =IF((LEFT(J13))="2",$L$2,$J$2) -> IR | O13: =IFERROR(3600/N13,"") | U13: =Q13+S13+T13 -> 0 | BF13: 480 | BG13: =SUM(V13:BF13) -> 480 | BH13: =BG13/60 -> 8 | BI13: =IFERROR(BH13-SUM(W13:BF13)/60,0) -> 0 | BJ13: =IFERROR(BI13/BH13*100,0) -> 0 | BK13: =IFERROR(((U13*N13)/(BI13*3600)*100),0) -> 0 | BL13: =IFERROR(((U13-(R13+S13+T13))/U13*100),0) -> 0 | BM13: =IFERROR((((BJ13*BK13*BL13)/1000000)*100),0) -> 0 | BN13: =(W13+AP13+BE13+BF13)/60 -> 8 | BO13: =IFERROR(((BH13-BN13)*3600)/N13,0) -> 0 | BP13: =IFERROR(SUM(W13:BF13)/60-BN13,0) -> 0 | BQ13: =IFERROR(BP13*3600/N13,0) -> 0 | BW13: =Q13*P13 -> 0
A14: 8 | B14: 46054 | C14: II | D14: =LEFT(E14,2) -> CG | E14: CG.02 | K14: =VLOOKUP(J14,'[3]Item List (3)'!A$1:B$110000,2,FALSE) -> #N/A | M14: =IF((LEFT(J14))="2",$L$2,$J$2) -> IR | O14: =IFERROR(3600/N14,"") | U14: =Q14+S14+T14 -> 0 | BF14: 480 | BG14: =SUM(V14:BF14) -> 480 | BH14: =BG14/60 -> 8 | BI14: =IFERROR(BH14-SUM(W14:BF14)/60,0) -> 0 | BJ14: =IFERROR(BI14/BH14*100,0) -> 0 | BK14: =IFERROR(((U14*N14)/(BI14*3600)*100),0) -> 0 | BL14: =IFERROR(((U14-(R14+S14+T14))/U14*100),0) -> 0 | BM14: =IFERROR((((BJ14*BK14*BL14)/1000000)*100),0) -> 0 | BN14: =(W14+AP14+BE14+BF14)/60 -> 8 | BO14: =IFERROR(((BH14-BN14)*3600)/N14,0) -> 0 | BP14: =IFERROR(SUM(W14:BF14)/60-BN14,0) -> 0 | BQ14: =IFERROR(BP14*3600/N14,0) -> 0 | BW14: =Q14*P14 -> 0
A15: 9 | B15: 46054 | C15: I | D15: =LEFT(E15,2) -> CG | E15: CG.03 | F15: RODG | G15: Kalpeshbhai Vasoya | H15: Umang | J15: 200261 | K15: =VLOOKUP(J15,'[3]Item List (3)'!A$1:B$110000,2,FALSE) -> OR.211 YY4 | L15: 260116005 | M15: =IF((LEFT(J15))="2",$L$2,$J$2) -> OR | O15: =IFERROR(3600/N15,"") | P15: 2 | Q15: 4741 | U15: =Q15+S15+T15 -> 4741 | V15: 180 | AQ15: 75 | BG15: =SUM(V15:BF15) -> 255 | BH15: =BG15/60 -> 4.25 | BI15: =IFERROR(BH15-SUM(W15:BF15)/60,0) -> 3 | BJ15: =IFERROR(BI15/BH15*100,0) -> 70.588235 | BK15: =IFERROR(((U15*N15)/(BI15*3600)*100),0) -> 0 | BL15: =IFERROR(((U15-(R15+S15+T15))/U15*100),0) -> 100 | BM15: =IFERROR((((BJ15*BK15*BL15)/1000000)*100),0) -> 0 | BN15: =(W15+AP15+BE15+BF15)/60 -> 0 | BO15: =IFERROR(((BH15-BN15)*3600)/N15,0) -> 0 | BP15: =IFERROR(SUM(W15:BF15)/60-BN15,0) -> 1.25 | BQ15: =IFERROR(BP15*3600/N15,0) -> 0 | BW15: =Q15*P15 -> 9482
A16: 10 | B16: 46054 | C16: I | D16: =LEFT(E16,2) -> CG | E16: CG.03 | F16: FODG | G16: Kalpeshbhai Vasoya | H16: Umang | J16: 200261 | K16: =VLOOKUP(J16,'[3]Item List (3)'!A$1:B$110000,2,FALSE) -> OR.211 YY4 | L16: 260116005 | M16: =IF((LEFT(J16))="2",$L$2,$J$2) -> OR | O16: =IFERROR(3600/N16,"") | P16: 3 | Q16: 1416 | U16: =Q16+S16+T16 -> 1416 | V16: 180 | BG16: =SUM(V16:BF16) -> 180 | BH16: =BG16/60 -> 3 | BI16: =IFERROR(BH16-SUM(W16:BF16)/60,0) -> 3 | BJ16: =IFERROR(BI16/BH16*100,0) -> 100 | BK16: =IFERROR(((U16*N16)/(BI16*3600)*100),0) -> 0 | BL16: =IFERROR(((U16-(R16+S16+T16))/U16*100),0) -> 100 | BM16: =IFERROR((((BJ16*BK16*BL16)/1000000)*100),0) -> 0 | BN16: =(W16+AP16+BE16+BF16)/60 -> 0 | BO16: =IFERROR(((BH16-BN16)*3600)/N16,0) -> 0 | BP16: =IFERROR(SUM(W16:BF16)/60-BN16,0) -> 0 | BQ16: =IFERROR(BP16*3600/N16,0) -> 0 | BW16: =Q16*P16 -> 4248
A17: 11 | B17: 46054 | C17: I | D17: =LEFT(E17,2) -> CG | E17: CG.03 | G17: Kalpeshbhai Vasoya | H17: Umang | J17: 208246 | K17: =VLOOKUP(J17,'[3]Item List (3)'!A$1:B$110000,2,FALSE) -> OR. 208 YY2 | M17: =IF((LEFT(J17))="2",$L$2,$J$2) -> OR | O17: =IFERROR(3600/N17,"") | S17: 63 | U17: =Q17+S17+T17 -> 63 | V17: 45 | BG17: =SUM(V17:BF17) -> 45 | BH17: =BG17/60 -> 0.75 | BI17: =IFERROR(BH17-SUM(W17:BF17)/60,0) -> 0.75 | BJ17: =IFERROR(BI17/BH17*100,0) -> 100 | BK17: =IFERROR(((U17*N17)/(BI17*3600)*100),0) -> 0 | BL17: =IFERROR(((U17-(R17+S17+T17))/U17*100),0) -> 0 | BM17: =IFERROR((((BJ17*BK17*BL17)/1000000)*100),0) -> 0 | BN17: =(W17+AP17+BE17+BF17)/60 -> 0 | BO17: =IFERROR(((BH17-BN17)*3600)/N17,0) -> 0 | BP17: =IFERROR(SUM(W17:BF17)/60-BN17,0) -> 0 | BQ17: =IFERROR(BP17*3600/N17,0) -> 0 | BW17: =Q17*P17 -> 0
A18: 12 | B18: 46054 | C18: II | D18: =LEFT(E18,2) -> CG | E18: CG.03 | F18: FODG | G18: Gankesh | H18: Badriprasad Mali | I18: Pradip | J18: 200261 | K18: =VLOOKUP(J18,'[3]Item List (3)'!A$1:B$110000,2,FALSE) -> OR.211 YY4 | L18: 260116005 | M18: =IF((LEFT(J18))="2",$L$2,$J$2) -> OR | O18: =IFERROR(3600/N18,"") | P18: 1 | Q18: 3311 | S18: 13 | U18: =Q18+S18+T18 -> 3324 | V18: 180 | AQ18: 90 | BG18: =SUM(V18:BF18) -> 270 | BH18: =BG18/60 -> 4.5 | BI18: =IFERROR(BH18-SUM(W18:BF18)/60,0) -> 3 | BJ18: =IFERROR(BI18/BH18*100,0) -> 66.666667 | BK18: =IFERROR(((U18*N18)/(BI18*3600)*100),0) -> 0 | BL18: =IFERROR(((U18-(R18+S18+T18))/U18*100),0) -> 99.608905 | BM18: =IFERROR((((BJ18*BK18*BL18)/1000000)*100),0) -> 0 | BN18: =(W18+AP18+BE18+BF18)/60 -> 0 | BO18: =IFERROR(((BH18-BN18)*3600)/N18,0) -> 0 | BP18: =IFERROR(SUM(W18:BF18)/60-BN18,0) -> 1.5 | BQ18: =IFERROR(BP18*3600/N18,0) -> 0 | BW18: =Q18*P18 -> 3311
A19: 11 | B19: 46054 | C19: II | D19: =LEFT(E19,2) -> CG | E19: CG.03 | F19: RODG | G19: Gankesh | H19: Badriprasad Mali | I19: Pradip | J19: 208322.01 | K19: =VLOOKUP(J19,'[3]Item List (3)'!A$1:B$110000,2,FALSE) -> NA/RNA.OR 49/32 | M19: =IF((LEFT(J19))="2",$L$2,$J$2) -> OR | O19: =IFERROR(3600/N19,"") | P19: 2 | Q19: 2528 | U19: =Q19+S19+T19 -> 2528 | V19: 150 | W19: 120 | BG19: =SUM(V19:BF19) -> 270 | BH19: =BG19/60 -> 4.5 | BI19: =IFERROR(BH19-SUM(W19:BF19)/60,0) -> 2.5 | BJ19: =IFERROR(BI19/BH19*100,0) -> 55.555556 | BK19: =IFERROR(((U19*N19)/(BI19*3600)*100),0) -> 0 | BL19: =IFERROR(((U19-(R19+S19+T19))/U19*100),0) -> 100 | BM19: =IFERROR((((BJ19*BK19*BL19)/1000000)*100),0) -> 0 | BN19: =(W19+AP19+BE19+BF19)/60 -> 2 | BO19: =IFERROR(((BH19-BN19)*3600)/N19,0) -> 0 | BP19: =IFERROR(SUM(W19:BF19)/60-BN19,0) -> 0 | BQ19: =IFERROR(BP19*3600/N19,0) -> 0 | BW19: =Q19*P19 -> 5056
A20: 10 | B20: 46054 | C20: I | D20: =LEFT(E20,2) -> CG | E20: CG.04 | K20: =VLOOKUP(J20,'[3]Item List (3)'!A$1:B$110000,2,FALSE) -> #N/A | M20: =IF((LEFT(J20))="2",$L$2,$J$2) -> IR | O20: =IFERROR(3600/N20,"") | U20: =Q20+S20+T20 -> 0 | AX20: 480 | BG20: =SUM(V20:BF20) -> 480 | BH20: =BG20/60 -> 8 | BI20: =IFERROR(BH20-SUM(W20:BF20)/60,0) -> 0 | BJ20: =IFERROR(BI20/BH20*100,0) -> 0 | BK20: =IFERROR(((U20*N20)/(BI20*3600)*100),0) -> 0 | BL20: =IFERROR(((U20-(R20+S20+T20))/U20*100),0) -> 0 | BM20: =IFERROR((((BJ20*BK20*BL20)/1000000)*100),0) -> 0 | BN20: =(W20+AP20+BE20+BF20)/60 -> 0 | BO20: =IFERROR(((BH20-BN20)*3600)/N20,0) -> 0 | BP20: =IFERROR(SUM(W20:BF20)/60-BN20,0) -> 8 | BQ20: =IFERROR(BP20*3600/N20,0) -> 0 | BW20: =Q20*P20 -> 0
A21: 11 | B21: 46054 | C21: II | D21: =LEFT(E21,2) -> CG | E21: CG.04 | K21: =VLOOKUP(J21,'[3]Item List (3)'!A$1:B$110000,2,FALSE) -> #N/A | M21: =IF((LEFT(J21))="2",$L$2,$J$2) -> IR | O21: =IFERROR(3600/N21,"") | U21: =Q21+S21+T21 -> 0 | AX21: 480 | BG21: =SUM(V21:BF21) -> 480 | BH21: =BG21/60 -> 8 | BI21: =IFERROR(BH21-SUM(W21:BF21)/60,0) -> 0 | BJ21: =IFERROR(BI21/BH21*100,0) -> 0 | BK21: =IFERROR(((U21*N21)/(BI21*3600)*100),0) -> 0 | BL21: =IFERROR(((U21-(R21+S21+T21))/U21*100),0) -> 0 | BM21: =IFERROR((((BJ21*BK21*BL21)/1000000)*100),0) -> 0 | BN21: =(W21+AP21+BE21+BF21)/60 -> 0 | BO21: =IFERROR(((BH21-BN21)*3600)/N21,0) -> 0 | BP21: =IFERROR(SUM(W21:BF21)/60-BN21,0) -> 8 | BQ21: =IFERROR(BP21*3600/N21,0) -> 0 | BW21: =Q21*P21 -> 0
A22: 12 | B22: 46054 | C22: I | D22: =LEFT(E22,2) -> CG | E22: CG.09 | K22: =VLOOKUP(J22,'[3]Item List (3)'!A$1:B$110000,2,FALSE) -> #N/A | M22: =IF((LEFT(J22))="2",$L$2,$J$2) -> IR | O22: =IFERROR(3600/N22,"") | U22: =Q22+S22+T22 -> 0 | BG22: =SUM(V22:BF22) -> 0 | BH22: =BG22/60 -> 0 | BI22: =IFERROR(BH22-SUM(W22:BF22)/60,0) -> 0 | BJ22: =IFERROR(BI22/BH22*100,0) -> 0 | BK22: =IFERROR(((U22*N22)/(BI22*3600)*100),0) -> 0 | BL22: =IFERROR(((U22-(R22+S22+T22))/U22*100),0) -> 0 | BM22: =IFERROR((((BJ22*BK22*BL22)/1000000)*100),0) -> 0 | BN22: =(W22+AP22+BE22+BF22)/60 -> 0 | BO22: =IFERROR(((BH22-BN22)*3600)/N22,0) -> 0 | BP22: =IFERROR(SUM(W22:BF22)/60-BN22,0) -> 0 | BQ22: =IFERROR(BP22*3600/N22,0) -> 0 | BW22: =Q22*P22 -> 0
A23: 13 | B23: 46054 | C23: II | D23: =LEFT(E23,2) -> CG | E23: CG.09 | K23: =VLOOKUP(J23,'[3]Item List (3)'!A$1:B$110000,2,FALSE) -> #N/A | M23: =IF((LEFT(J23))="2",$L$2,$J$2) -> IR | O23: =IFERROR(3600/N23,"") | U23: =Q23+S23+T23 -> 0 | BG23: =SUM(V23:BF23) -> 0 | BH23: =BG23/60 -> 0 | BI23: =IFERROR(BH23-SUM(W23:BF23)/60,0) -> 0 | BJ23: =IFERROR(BI23/BH23*100,0) -> 0 | BK23: =IFERROR(((U23*N23)/(BI23*3600)*100),0) -> 0 | BL23: =IFERROR(((U23-(R23+S23+T23))/U23*100),0) -> 0 | BM23: =IFERROR((((BJ23*BK23*BL23)/1000000)*100),0) -> 0 | BN23: =(W23+AP23+BE23+BF23)/60 -> 0 | BO23: =IFERROR(((BH23-BN23)*3600)/N23,0) -> 0 | BP23: =IFERROR(SUM(W23:BF23)/60-BN23,0) -> 0 | BQ23: =IFERROR(BP23*3600/N23,0) -> 0 | BW23: =Q23*P23 -> 0
A24: 17 | B24: 46054 | C24: I | D24: =LEFT(E24,2) -> EG | E24: EG.02 | K24: =VLOOKUP(J24,'[3]Item List (3)'!A$1:B$110000,2,FALSE) -> #N/A | M24: =IF((LEFT(J24))="2",$L$2,$J$2) -> IR | O24: =IFERROR(3600/N24,"") | U24: =Q24+S24+T24 -> 0 | AR24: 480 | BG24: =SUM(V24:BF24) -> 480 | BH24: =BG24/60 -> 8 | BI24: =IFERROR(BH24-SUM(W24:BF24)/60,0) -> 0 | BJ24: =IFERROR(BI24/BH24*100,0) -> 0 | BK24: =IFERROR(((U24*N24)/(BI24*3600)*100),0) -> 0 | BL24: =IFERROR(((U24-(R24+S24+T24))/U24*100),0) -> 0 | BM24: =IFERROR((((BJ24*BK24*BL24)/1000000)*100),0) -> 0 | BN24: =(W24+AP24+BE24+BF24)/60 -> 0 | BO24: =IFERROR(((BH24-BN24)*3600)/N24,0) -> 0 | BP24: =IFERROR(SUM(W24:BF24)/60-BN24,0) -> 8 | BQ24: =IFERROR(BP24*3600/N24,0) -> 0 | BW24: =Q24*P24 -> 0
A25: 20 | B25: 46054 | C25: II | D25: =LEFT(E25,2) -> EG | E25: EG.02 | K25: =VLOOKUP(J25,'[3]Item List (3)'!A$1:B$110000,2,FALSE) -> #N/A | M25: =IF((LEFT(J25))="2",$L$2,$J$2) -> IR | O25: =IFERROR(3600/N25,"") | U25: =Q25+S25+T25 -> 0 | BF25: 480 | BG25: =SUM(V25:BF25) -> 480 | BH25: =BG25/60 -> 8 | BI25: =IFERROR(BH25-SUM(W25:BF25)/60,0) -> 0 | BJ25: =IFERROR(BI25/BH25*100,0) -> 0 | BK25: =IFERROR(((U25*N25)/(BI25*3600)*100),0) -> 0 | BL25: =IFERROR(((U25-(R25+S25+T25))/U25*100),0) -> 0 | BM25: =IFERROR((((BJ25*BK25*BL25)/1000000)*100),0) -> 0 | BN25: =(W25+AP25+BE25+BF25)/60 -> 8 | BO25: =IFERROR(((BH25-BN25)*3600)/N25,0) -> 0 | BP25: =IFERROR(SUM(W25:BF25)/60-BN25,0) -> 0 | BQ25: =IFERROR(BP25*3600/N25,0) -> 0 | BW25: =Q25*P25 -> 0
A26: 21 | B26: 46054 | C26: I | D26: =LEFT(E26,2) -> EG | E26: EG.04 | F26: CODG | G26: Dilip Panday | J26: 208281 | K26: =VLOOKUP(J26,'[3]Item List (3)'!A$1:B$110000,2,FALSE) -> D.OR 14536 | M26: =IF((LEFT(J26))="2",$L$2,$J$2) -> OR | N26: 45 | O26: =IFERROR(3600/N26,"") -> 80 | P26: 1 | Q26: 145 | R26: 9 | S26: 1 | U26: =Q26+S26+T26 -> 146 | V26: 150 | W26: 120 | AR26: 330 | BG26: =SUM(V26:BF26) -> 600 | BH26: =BG26/60 -> 10 | BI26: =IFERROR(BH26-SUM(W26:BF26)/60,0) -> 2.5 | BJ26: =IFERROR(BI26/BH26*100,0) -> 25 | BK26: =IFERROR(((U26*N26)/(BI26*3600)*100),0) -> 73 | BL26: =IFERROR(((U26-(R26+S26+T26))/U26*100),0) -> 93.150685 | BM26: =IFERROR((((BJ26*BK26*BL26)/1000000)*100),0) -> 17 | BN26: =(W26+AP26+BE26+BF26)/60 -> 2 | BO26: =IFERROR(((BH26-BN26)*3600)/N26,0) -> 640 | BP26: =IFERROR(SUM(W26:BF26)/60-BN26,0) -> 5.5 | BQ26: =IFERROR(BP26*3600/N26,0) -> 440 | BW26: =Q26*P26 -> 145
A27: 22 | B27: 46054 | C27: II | D27: =LEFT(E27,2) -> EG | E27: EG.04 | F27: CODG | G27: Jaglal Gupta | J27: 202103 | K27: =VLOOKUP(J27,'[3]Item List (3)'!A$1:B$110000,2,FALSE) -> #N/A | M27: =IF((LEFT(J27))="2",$L$2,$J$2) -> OR | N27: 40 | O27: =IFERROR(3600/N27,"") -> 90 | P27: 1 | Q27: 26 | R27: 4 | U27: =Q27+S27+T27 -> 26 | V27: 30 | W27: 60 | AR27: 390 | BG27: =SUM(V27:BF27) -> 480 | BH27: =BG27/60 -> 8 | BI27: =IFERROR(BH27-SUM(W27:BF27)/60,0) -> 0.5 | BJ27: =IFERROR(BI27/BH27*100,0) -> 6.25 | BK27: =IFERROR(((U27*N27)/(BI27*3600)*100),0) -> 57.777778 | BL27: =IFERROR(((U27-(R27+S27+T27))/U27*100),0) -> 84.615385 | BM27: =IFERROR((((BJ27*BK27*BL27)/1000000)*100),0) -> 3.0555556 | BN27: =(W27+AP27+BE27+BF27)/60 -> 1 | BO27: =IFERROR(((BH27-BN27)*3600)/N27,0) -> 630 | BP27: =IFERROR(SUM(W27:BF27)/60-BN27,0) -> 6.5 | BQ27: =IFERROR(BP27*3600/N27,0) -> 585 | BW27: =Q27*P27 -> 26
A28: 23 | B28: 46054 | C28: I | D28: =LEFT(E28,2) -> EG | E28: EG.05 | F28: CODG | G28: Kiran Vaghadiya | J28: 208281 | K28: =VLOOKUP(J28,'[3]Item List (3)'!A$1:B$110000,2,FALSE) -> D.OR 14536 | L28: 251225006 | M28: =IF((LEFT(J28))="2",$L$2,$J$2) -> OR | N28: 50 | O28: =IFERROR(3600/N28,"") -> 72 | P28: 1 | Q28: 200 | R28: 6 | S28: 2 | U28: =Q28+S28+T28 -> 202 | V28: 210 | W28: 60 | X28: 30 | AR28: 180 | BG28: =SUM(V28:BF28) -> 480 | BH28: =BG28/60 -> 8 | BI28: =IFERROR(BH28-SUM(W28:BF28)/60,0) -> 3.5 | BJ28: =IFERROR(BI28/BH28*100,0) -> 43.75 | BK28: =IFERROR(((U28*N28)/(BI28*3600)*100),0) -> 80.15873 | BL28: =IFERROR(((U28-(R28+S28+T28))/U28*100),0) -> 96.039604 | BM28: =IFERROR((((BJ28*BK28*BL28)/1000000)*100),0) -> 33.680556 | BN28: =(W28+AP28+BE28+BF28)/60 -> 1 | BO28: =IFERROR(((BH28-BN28)*3600)/N28,0) -> 504 | BP28: =IFERROR(SUM(W28:BF28)/60-BN28,0) -> 3.5 | BQ28: =IFERROR(BP28*3600/N28,0) -> 252 | BW28: =Q28*P28 -> 200
A29: 26 | B29: 46054 | C29: II | D29: =LEFT(E29,2) -> EG | E29: EG.05 | F29: CODG | G29: Kiran Vaghadiya | H29: Jaglal Gupta | I29: Anand | J29: 208281 | K29: =VLOOKUP(J29,'[3]Item List (3)'!A$1:B$110000,2,FALSE) -> D.OR 14536 | L29: 251225006 | M29: =IF((LEFT(J29))="2",$L$2,$J$2) -> OR | N29: 50 | O29: =IFERROR(3600/N29,"") -> 72 | P29: 1 | Q29: 282 | R29: 17 | S29: 7 | U29: =Q29+S29+T29 -> 289 | V29: 360 | X29: 120 | BG29: =SUM(V29:BF29) -> 480 | BH29: =BG29/60 -> 8 | BI29: =IFERROR(BH29-SUM(W29:BF29)/60,0) -> 6 | BJ29: =IFERROR(BI29/BH29*100,0) -> 75 | BK29: =IFERROR(((U29*N29)/(BI29*3600)*100),0) -> 66.898148 | BL29: =IFERROR(((U29-(R29+S29+T29))/U29*100),0) -> 91.695502 | BM29: =IFERROR((((BJ29*BK29*BL29)/1000000)*100),0) -> 46.006944 | BN29: =(W29+AP29+BE29+BF29)/60 -> 0 | BO29: =IFERROR(((BH29-BN29)*3600)/N29,0) -> 576 | BP29: =IFERROR(SUM(W29:BF29)/60-BN29,0) -> 2 | BQ29: =IFERROR(BP29*3600/N29,0) -> 144 | BW29: =Q29*P29 -> 282
A30: 27 | B30: 46054 | C30: I | D30: =LEFT(E30,2) -> EG | E30: EG.07 | F30: TG | G30: Shrawan Matho | H30: Jaglal Gupta | J30: 100261 | K30: =VLOOKUP(J30,'[3]Item List (3)'!A$1:B$110000,2,FALSE) -> IR. 211 YY4 | L30: 260116004 | M30: =IF((LEFT(J30))="2",$L$2,$J$2) -> IR | N30: 20 | O30: =IFERROR(3600/N30,"") -> 180 | P30: 1 | Q30: 1040 | R30: 3 | S30: 2 | U30: =Q30+S30+T30 -> 1042 | V30: 360 | AP30: 60 | BC30: 60 | BG30: =SUM(V30:BF30) -> 480 | BH30: =BG30/60 -> 8 | BI30: =IFERROR(BH30-SUM(W30:BF30)/60,0) -> 6 | BJ30: =IFERROR(BI30/BH30*100,0) -> 75 | BK30: =IFERROR(((U30*N30)/(BI30*3600)*100),0) -> 96.481481 | BL30: =IFERROR(((U30-(R30+S30+T30))/U30*100),0) -> 99.520154 | BM30: =IFERROR((((BJ30*BK30*BL30)/1000000)*100),0) -> 72.013889 | BN30: =(W30+AP30+BE30+BF30)/60 -> 1 | BO30: =IFERROR(((BH30-BN30)*3600)/N30,0) -> 1260 | BP30: =IFERROR(SUM(W30:BF30)/60-BN30,0) -> 1 | BQ30: =IFERROR(BP30*3600/N30,0) -> 180 | BW30: =Q30*P30 -> 1040
A31: 28 | B31: 46054 | C31: II | D31: =LEFT(E31,2) -> EG | E31: EG.07 | F31: TG | G31: Jaglal Gupta | H31: Kiran Vaghadiya | J31: 100261 | K31: =VLOOKUP(J31,'[3]Item List (3)'!A$1:B$110000,2,FALSE) -> IR. 211 YY4 | L31: 260116004 | M31: =IF((LEFT(J31))="2",$L$2,$J$2) -> IR | N31: 20 | O31: =IFERROR(3600/N31,"") -> 180 | P31: 1 | Q31: 441 | U31: =Q31+S31+T31 -> 441 | V31: 150 | AN31: 30 | AR31: 300 | BG31: =SUM(V31:BF31) -> 480 | BH31: =BG31/60 -> 8 | BI31: =IFERROR(BH31-SUM(W31:BF31)/60,0) -> 2.5 | BJ31: =IFERROR(BI31/BH31*100,0) -> 31.25 | BK31: =IFERROR(((U31*N31)/(BI31*3600)*100),0) -> 98 | BL31: =IFERROR(((U31-(R31+S31+T31))/U31*100),0) -> 100 | BM31: =IFERROR((((BJ31*BK31*BL31)/1000000)*100),0) -> 30.625 | BN31: =(W31+AP31+BE31+BF31)/60 -> 0 | BO31: =IFERROR(((BH31-BN31)*3600)/N31,0) -> 1440 | BP31: =IFERROR(SUM(W31:BF31)/60-BN31,0) -> 5.5 | BQ31: =IFERROR(BP31*3600/N31,0) -> 990 | BW31: =Q31*P31 -> 441
A32: 29 | B32: 46054 | C32: I | D32: =LEFT(E32,2) -> EG | E32: EG.08 | K32: =VLOOKUP(J32,'[3]Item List (3)'!A$1:B$110000,2,FALSE) -> #N/A | M32: =IF((LEFT(J32))="2",$L$2,$J$2) -> IR | O32: =IFERROR(3600/N32,"") | U32: =Q32+S32+T32 -> 0 | BG32: =SUM(V32:BF32) -> 0 | BH32: =BG32/60 -> 0 | BI32: =IFERROR(BH32-SUM(W32:BF32)/60,0) -> 0 | BJ32: =IFERROR(BI32/BH32*100,0) -> 0 | BK32: =IFERROR(((U32*N32)/(BI32*3600)*100),0) -> 0 | BL32: =IFERROR(((U32-(R32+S32+T32))/U32*100),0) -> 0 | BM32: =IFERROR((((BJ32*BK32*BL32)/1000000)*100),0) -> 0 | BN32: =(W32+AP32+BE32+BF32)/60 -> 0 | BO32: =IFERROR(((BH32-BN32)*3600)/N32,0) -> 0 | BP32: =IFERROR(SUM(W32:BF32)/60-BN32,0) -> 0 | BQ32: =IFERROR(BP32*3600/N32,0) -> 0 | BW32: =Q32*P32 -> 0
A33: 30 | B33: 46054 | C33: II | D33: =LEFT(E33,2) -> EG | E33: EG.08 | K33: =VLOOKUP(J33,'[3]Item List (3)'!A$1:B$110000,2,FALSE) -> #N/A | M33: =IF((LEFT(J33))="2",$L$2,$J$2) -> IR | O33: =IFERROR(3600/N33,"") | U33: =Q33+S33+T33 -> 0 | BG33: =SUM(V33:BF33) -> 0 | BH33: =BG33/60 -> 0 | BI33: =IFERROR(BH33-SUM(W33:BF33)/60,0) -> 0 | BJ33: =IFERROR(BI33/BH33*100,0) -> 0 | BK33: =IFERROR(((U33*N33)/(BI33*3600)*100),0) -> 0 | BL33: =IFERROR(((U33-(R33+S33+T33))/U33*100),0) -> 0 | BM33: =IFERROR((((BJ33*BK33*BL33)/1000000)*100),0) -> 0 | BN33: =(W33+AP33+BE33+BF33)/60 -> 0 | BO33: =IFERROR(((BH33-BN33)*3600)/N33,0) -> 0 | BP33: =IFERROR(SUM(W33:BF33)/60-BN33,0) -> 0 | BQ33: =IFERROR(BP33*3600/N33,0) -> 0 | BW33: =Q33*P33 -> 0
A34: 31 | B34: 46054 | C34: I | D34: =LEFT(E34,2) -> IG | E34: IG.01 | K34: =VLOOKUP(J34,'[3]Item List (3)'!A$1:B$110000,2,FALSE) -> #N/A | M34: =IF((LEFT(J34))="2",$L$2,$J$2) -> IR | O34: =IFERROR(3600/N34,"") | U34: =Q34+S34+T34 -> 0 | AU34: 480 | BG34: =SUM(V34:BF34) -> 480 | BH34: =BG34/60 -> 8 | BI34: =IFERROR(BH34-SUM(W34:BF34)/60,0) -> 0 | BJ34: =IFERROR(BI34/BH34*100,0) -> 0 | BK34: =IFERROR(((U34*N34)/(BI34*3600)*100),0) -> 0 | BL34: =IFERROR(((U34-(R34+S34+T34))/U34*100),0) -> 0 | BM34: =IFERROR((((BJ34*BK34*BL34)/1000000)*100),0) -> 0 | BN34: =(W34+AP34+BE34+BF34)/60 -> 0 | BO34: =IFERROR(((BH34-BN34)*3600)/N34,0) -> 0 | BP34: =IFERROR(SUM(W34:BF34)/60-BN34,0) -> 8 | BQ34: =IFERROR(BP34*3600/N34,0) -> 0 | BW34: =Q34*P34 -> 0
A35: 32 | B35: 46054 | C35: II | D35: =LEFT(E35,2) -> IG | E35: IG.01 | K35: =VLOOKUP(J35,'[3]Item List (3)'!A$1:B$110000,2,FALSE) -> #N/A | M35: =IF((LEFT(J35))="2",$L$2,$J$2) -> IR | O35: =IFERROR(3600/N35,"") | U35: =Q35+S35+T35 -> 0 | AU35: 480 | BG35: =SUM(V35:BF35) -> 480 | BH35: =BG35/60 -> 8 | BI35: =IFERROR(BH35-SUM(W35:BF35)/60,0) -> 0 | BJ35: =IFERROR(BI35/BH35*100,0) -> 0 | BK35: =IFERROR(((U35*N35)/(BI35*3600)*100),0) -> 0 | BL35: =IFERROR(((U35-(R35+S35+T35))/U35*100),0) -> 0 | BM35: =IFERROR((((BJ35*BK35*BL35)/1000000)*100),0) -> 0 | BN35: =(W35+AP35+BE35+BF35)/60 -> 0 | BO35: =IFERROR(((BH35-BN35)*3600)/N35,0) -> 0 | BP35: =IFERROR(SUM(W35:BF35)/60-BN35,0) -> 8 | BQ35: =IFERROR(BP35*3600/N35,0) -> 0 | BW35: =Q35*P35 -> 0
A36: 32 | B36: 46054 | C36: I | D36: =LEFT(E36,2) -> IG | E36: IG.04 | F36: BG | G36: Vala Himesh | H36: Shrawan Matho | J36: 104332.01 | K36: =VLOOKUP(J36,'[3]Item List (3)'!A$1:B$110000,2,FALSE) -> NA/RNA.IR 6908 | L36: 251012002 | M36: =IF((LEFT(J36))="2",$L$2,$J$2) -> IR | N36: 45 | O36: =IFERROR(3600/N36,"") -> 80 | P36: 1 | Q36: 4 | R36: 45 | S36: 8 | U36: =Q36+S36+T36 -> 12 | V36: 60 | W36: 120 | AR36: 300 | BG36: =SUM(V36:BF36) -> 480 | BH36: =BG36/60 -> 8 | BI36: =IFERROR(BH36-SUM(W36:BF36)/60,0) -> 1 | BJ36: =IFERROR(BI36/BH36*100,0) -> 12.5 | BK36: =IFERROR(((U36*N36)/(BI36*3600)*100),0) -> 15 | BL36: =IFERROR(((U36-(R36+S36+T36))/U36*100),0) -> -341.66667 | BM36: =IFERROR((((BJ36*BK36*BL36)/1000000)*100),0) -> -6.40625 | BN36: =(W36+AP36+BE36+BF36)/60 -> 2 | BO36: =IFERROR(((BH36-BN36)*3600)/N36,0) -> 480 | BP36: =IFERROR(SUM(W36:BF36)/60-BN36,0) -> 5 | BQ36: =IFERROR(BP36*3600/N36,0) -> 400 | BW36: =Q36*P36 -> 4
A37: 35 | B37: 46054 | C37: II | D37: =LEFT(E37,2) -> IG | E37: IG.04 | F37: BG | G37: Raymalbhai Bharathiya | J37: 104332.01 | K37: =VLOOKUP(J37,'[3]Item List (3)'!A$1:B$110000,2,FALSE) -> NA/RNA.IR 6908 | L37: 251012002 | M37: =IF((LEFT(J37))="2",$L$2,$J$2) -> IR | N37: 45 | O37: =IFERROR(3600/N37,"") -> 80 | P37: 1 | Q37: 232 | R37: 43 | S37: 15 | U37: =Q37+S37+T37 -> 247 | V37: 285 | X37: 20 | Z37: 100 | AC37: 30 | AP37: 30 | BC37: 10 | BE37: 5 | BG37: =SUM(V37:BF37) -> 480 | BH37: =BG37/60 -> 8 | BI37: =IFERROR(BH37-SUM(W37:BF37)/60,0) -> 4.75 | BJ37: =IFERROR(BI37/BH37*100,0) -> 59.375 | BK37: =IFERROR(((U37*N37)/(BI37*3600)*100),0) -> 65 | BL37: =IFERROR(((U37-(R37+S37+T37))/U37*100),0) -> 76.518219 | BM37: =IFERROR((((BJ37*BK37*BL37)/1000000)*100),0) -> 29.53125 | BN37: =(W37+AP37+BE37+BF37)/60 -> 0.58333333 | BO37: =IFERROR(((BH37-BN37)*3600)/N37,0) -> 593.33333 | BP37: =IFERROR(SUM(W37:BF37)/60-BN37,0) -> 2.6666667 | BQ37: =IFERROR(BP37*3600/N37,0) -> 213.33333 | BW37: =Q37*P37 -> 232
A38: 36 | B38: 46054 | C38: I | D38: =LEFT(E38,2) -> IG | E38: IG.11 | K38: =VLOOKUP(J38,'[3]Item List (3)'!A$1:B$110000,2,FALSE) -> #N/A | M38: =IF((LEFT(J38))="2",$L$2,$J$2) -> IR | O38: =IFERROR(3600/N38,"") | U38: =Q38+S38+T38 -> 0 | AR38: 480 | BG38: =SUM(V38:BF38) -> 480 | BH38: =BG38/60 -> 8 | BI38: =IFERROR(BH38-SUM(W38:BF38)/60,0) -> 0 | BJ38: =IFERROR(BI38/BH38*100,0) -> 0 | BK38: =IFERROR(((U38*N38)/(BI38*3600)*100),0) -> 0 | BL38: =IFERROR(((U38-(R38+S38+T38))/U38*100),0) -> 0 | BM38: =IFERROR((((BJ38*BK38*BL38)/1000000)*100),0) -> 0 | BN38: =(W38+AP38+BE38+BF38)/60 -> 0 | BO38: =IFERROR(((BH38-BN38)*3600)/N38,0) -> 0 | BP38: =IFERROR(SUM(W38:BF38)/60-BN38,0) -> 8 | BQ38: =IFERROR(BP38*3600/N38,0) -> 0 | BW38: =Q38*P38 -> 0
A39: 44 | B39: 46054 | C39: II | D39: =LEFT(E39,2) -> IG | E39: IG.11 | K39: =VLOOKUP(J39,'[3]Item List (3)'!A$1:B$110000,2,FALSE) -> #N/A | M39: =IF((LEFT(J39))="2",$L$2,$J$2) -> IR | O39: =IFERROR(3600/N39,"") | U39: =Q39+S39+T39 -> 0 | BF39: 480 | BG39: =SUM(V39:BF39) -> 480 | BH39: =BG39/60 -> 8 | BI39: =IFERROR(BH39-SUM(W39:BF39)/60,0) -> 0 | BJ39: =IFERROR(BI39/BH39*100,0) -> 0 | BK39: =IFERROR(((U39*N39)/(BI39*3600)*100),0) -> 0 | BL39: =IFERROR(((U39-(R39+S39+T39))/U39*100),0) -> 0 | BM39: =IFERROR((((BJ39*BK39*BL39)/1000000)*100),0) -> 0 | BN39: =(W39+AP39+BE39+BF39)/60 -> 8 | BO39: =IFERROR(((BH39-BN39)*3600)/N39,0) -> 0 | BP39: =IFERROR(SUM(W39:BF39)/60-BN39,0) -> 0 | BQ39: =IFERROR(BP39*3600/N39,0) -> 0 | BW39: =Q39*P39 -> 0
A40: 45 | B40: 46054 | C40: I | D40: =LEFT(E40,2) -> IG | E40: IG.12 | K40: =VLOOKUP(J40,'[3]Item List (3)'!A$1:B$110000,2,FALSE) -> #N/A | M40: =IF((LEFT(J40))="2",$L$2,$J$2) -> IR | O40: =IFERROR(3600/N40,"") | U40: =Q40+S40+T40 -> 0 | AR40: 480 | BG40: =SUM(V40:BF40) -> 480 | BH40: =BG40/60 -> 8 | BI40: =IFERROR(BH40-SUM(W40:BF40)/60,0) -> 0 | BJ40: =IFERROR(BI40/BH40*100,0) -> 0 | BK40: =IFERROR(((U40*N40)/(BI40*3600)*100),0) -> 0 | BL40: =IFERROR(((U40-(R40+S40+T40))/U40*100),0) -> 0 | BM40: =IFERROR((((BJ40*BK40*BL40)/1000000)*100),0) -> 0 | BN40: =(W40+AP40+BE40+BF40)/60 -> 0 | BO40: =IFERROR(((BH40-BN40)*3600)/N40,0) -> 0 | BP40: =IFERROR(SUM(W40:BF40)/60-BN40,0) -> 8 | BQ40: =IFERROR(BP40*3600/N40,0) -> 0 | BW40: =Q40*P40 -> 0
A41: 46 | B41: 46054 | C41: II | D41: =LEFT(E41,2) -> IG | E41: IG.12 | K41: =VLOOKUP(J41,'[3]Item List (3)'!A$1:B$110000,2,FALSE) -> #N/A | M41: =IF((LEFT(J41))="2",$L$2,$J$2) -> IR | O41: =IFERROR(3600/N41,"") | U41: =Q41+S41+T41 -> 0 | BF41: 480 | BG41: =SUM(V41:BF41) -> 480 | BH41: =BG41/60 -> 8 | BI41: =IFERROR(BH41-SUM(W41:BF41)/60,0) -> 0 | BJ41: =IFERROR(BI41/BH41*100,0) -> 0 | BK41: =IFERROR(((U41*N41)/(BI41*3600)*100),0) -> 0 | BL41: =IFERROR(((U41-(R41+S41+T41))/U41*100),0) -> 0 | BM41: =IFERROR((((BJ41*BK41*BL41)/1000000)*100),0) -> 0 | BN41: =(W41+AP41+BE41+BF41)/60 -> 8 | BO41: =IFERROR(((BH41-BN41)*3600)/N41,0) -> 0 | BP41: =IFERROR(SUM(W41:BF41)/60-BN41,0) -> 0 | BQ41: =IFERROR(BP41*3600/N41,0) -> 0 | BW41: =Q41*P41 -> 0
A42: 47 | B42: 46054 | C42: I | D42: =LEFT(E42,2) -> IG | E42: IG.13 | F42: Ass. Rework | G42: Himesh | H42: Dilip Panday | I42: Pankajbhai Khasiya | J42: 208433.01 | K42: =VLOOKUP(J42,'[3]Item List (3)'!A$1:B$110000,2,FALSE) -> R.OR 433(RNA 6902 SPL) | L42: 250711028 | M42: =IF((LEFT(J42))="2",$L$2,$J$2) -> OR | N42: 45 | O42: =IFERROR(3600/N42,"") -> 80 | P42: 1 | Q42: 70 | R42: 45 | S42: 26 | U42: =Q42+S42+T42 -> 96 | V42: 150 | AG42: 30 | AP42: 10 | AR42: 60 | BG42: =SUM(V42:BF42) -> 250 | BH42: =BG42/60 -> 4.1666667 | BI42: =IFERROR(BH42-SUM(W42:BF42)/60,0) -> 2.5 | BJ42: =IFERROR(BI42/BH42*100,0) -> 60 | BK42: =IFERROR(((U42*N42)/(BI42*3600)*100),0) -> 48 | BL42: =IFERROR(((U42-(R42+S42+T42))/U42*100),0) -> 26.041667 | BM42: =IFERROR((((BJ42*BK42*BL42)/1000000)*100),0) -> 7.5 | BN42: =(W42+AP42+BE42+BF42)/60 -> 0.16666667 | BO42: =IFERROR(((BH42-BN42)*3600)/N42,0) -> 320 | BP42: =IFERROR(SUM(W42:BF42)/60-BN42,0) -> 1.5 | BQ42: =IFERROR(BP42*3600/N42,0) -> 120 | BR42: 1 | BT42: 1 | BU42: 1 | BW42: =Q42*P42 -> 70
A43: 48 | B43: 46054 | C43: I | D43: =LEFT(E43,2) -> IG | E43: IG.13 | F43: BG | G43: Himesh | H43: Dilip Panday | I43: Pankajbhai Khasiya | J43: 208821.01 | K43: =VLOOKUP(J43,'[3]Item List (3)'!A$1:B$110000,2,FALSE) -> NK.OR 32/20(NKI 28/20) | M43: =IF((LEFT(J43))="2",$L$2,$J$2) -> OR | N43: 45 | O43: =IFERROR(3600/N43,"") -> 80 | P43: 1 | Q43: 13 | U43: =Q43+S43+T43 -> 13 | V43: 60 | W43: 170 | BG43: =SUM(V43:BF43) -> 230 | BH43: =BG43/60 -> 3.8333333 | BI43: =IFERROR(BH43-SUM(W43:BF43)/60,0) -> 1 | BJ43: =IFERROR(BI43/BH43*100,0) -> 26.086957 | BK43: =IFERROR(((U43*N43)/(BI43*3600)*100),0) -> 16.25 | BL43: =IFERROR(((U43-(R43+S43+T43))/U43*100),0) -> 100 | BM43: =IFERROR((((BJ43*BK43*BL43)/1000000)*100),0) -> 4.2391304 | BN43: =(W43+AP43+BE43+BF43)/60 -> 2.8333333 | BO43: =IFERROR(((BH43-BN43)*3600)/N43,0) -> 80 | BP43: =IFERROR(SUM(W43:BF43)/60-BN43,0) -> 0 | BQ43: =IFERROR(BP43*3600/N43,0) -> 0 | BW43: =Q43*P43 -> 13
A44: 49 | B44: 46054 | C44: II | D44: =LEFT(E44,2) -> IG | E44: IG.13 | F44: BG | G44: Shamjibhai Satapara | J44: 208821.01 | K44: =VLOOKUP(J44,'[3]Item List (3)'!A$1:B$110000,2,FALSE) -> NK.OR 32/20(NKI 28/20) | L44: 260101003 | M44: =IF((LEFT(J44))="2",$L$2,$J$2) -> OR | N44: 45 | O44: =IFERROR(3600/N44,"") -> 80 | P44: 1 | Q44: 445 | R44: 27 | U44: =Q44+S44+T44 -> 445 | V44: 420 | Y44: 15 | Z44: 15 | AF44: 10 | AJ44: 10 | AP44: 10 | BG44: =SUM(V44:BF44) -> 480 | BH44: =BG44/60 -> 8 | BI44: =IFERROR(BH44-SUM(W44:BF44)/60,0) -> 7 | BJ44: =IFERROR(BI44/BH44*100,0) -> 87.5 | BK44: =IFERROR(((U44*N44)/(BI44*3600)*100),0) -> 79.464286 | BL44: =IFERROR(((U44-(R44+S44+T44))/U44*100),0) -> 93.932584 | BM44: =IFERROR((((BJ44*BK44*BL44)/1000000)*100),0) -> 65.3125 | BN44: =(W44+AP44+BE44+BF44)/60 -> 0.16666667 | BO44: =IFERROR(((BH44-BN44)*3600)/N44,0) -> 626.66667 | BP44: =IFERROR(SUM(W44:BF44)/60-BN44,0) -> 0.83333333 | BQ44: =IFERROR(BP44*3600/N44,0) -> 66.666667 | BW44: =Q44*P44 -> 445
A45: 50 | B45: 46054 | C45: I | D45: =LEFT(E45,2) -> IG | E45: IG.14 | F45: BG | G45: Pankajbhai Khasiya | H45: Himesh | J45: 200261 | K45: =VLOOKUP(J45,'[3]Item List (3)'!A$1:B$110000,2,FALSE) -> OR.211 YY4 | L45: 260116005 | M45: =IF((LEFT(J45))="2",$L$2,$J$2) -> OR | N45: 25 | O45: =IFERROR(3600/N45,"") -> 144 | P45: 1 | Q45: 576 | R45: 27 | S45: 33 | U45: =Q45+S45+T45 -> 609 | V45: 305 | AP45: 20 | AX45: 120 | BC45: 35 | BG45: =SUM(V45:BF45) -> 480 | BH45: =BG45/60 -> 8 | BI45: =IFERROR(BH45-SUM(W45:BF45)/60,0) -> 5.0833333 | BJ45: =IFERROR(BI45/BH45*100,0) -> 63.541667 | BK45: =IFERROR(((U45*N45)/(BI45*3600)*100),0) -> 83.196721 | BL45: =IFERROR(((U45-(R45+S45+T45))/U45*100),0) -> 90.147783 | BM45: =IFERROR((((BJ45*BK45*BL45)/1000000)*100),0) -> 47.65625 | BN45: =(W45+AP45+BE45+BF45)/60 -> 0.33333333 | BO45: =IFERROR(((BH45-BN45)*3600)/N45,0) -> 1104 | BP45: =IFERROR(SUM(W45:BF45)/60-BN45,0) -> 2.5833333 | BQ45: =IFERROR(BP45*3600/N45,0) -> 372 | BR45: 1 | BT45: 1 | BU45: 1 | BW45: =Q45*P45 -> 576
A46: 51 | B46: 46054 | C46: II | D46: =LEFT(E46,2) -> IG | E46: IG.14 | F46: BG | G46: Kaushik Vasveliya | J46: 200261 | K46: =VLOOKUP(J46,'[3]Item List (3)'!A$1:B$110000,2,FALSE) -> OR.211 YY4 | L46: 260116005 | M46: =IF((LEFT(J46))="2",$L$2,$J$2) -> OR | N46: 25 | O46: =IFERROR(3600/N46,"") -> 144 | P46: 1 | Q46: 966 | R46: 15 | S46: 7 | T46: 10 | U46: =Q46+S46+T46 -> 983 | V46: 460 | AP46: 20 | BG46: =SUM(V46:BF46) -> 480 | BH46: =BG46/60 -> 8 | BI46: =IFERROR(BH46-SUM(W46:BF46)/60,0) -> 7.6666667 | BJ46: =IFERROR(BI46/BH46*100,0) -> 95.833333 | BK46: =IFERROR(((U46*N46)/(BI46*3600)*100),0) -> 89.039855 | BL46: =IFERROR(((U46-(R46+S46+T46))/U46*100),0) -> 96.744659 | BM46: =IFERROR((((BJ46*BK46*BL46)/1000000)*100),0) -> 82.552083 | BN46: =(W46+AP46+BE46+BF46)/60 -> 0.33333333 | BO46: =IFERROR(((BH46-BN46)*3600)/N46,0) -> 1104 | BP46: =IFERROR(SUM(W46:BF46)/60-BN46,0) -> 0 | BQ46: =IFERROR(BP46*3600/N46,0) -> 0 | BR46: 1 | BT46: 1 | BU46: 1 | BW46: =Q46*P46 -> 966
A47: 52 | B47: 46054 | C47: I | D47: =LEFT(E47,2) -> IG | E47: IG.15 | F47: BG | G47: Abhijitsinh Rana | J47: 100261 | K47: =VLOOKUP(J47,'[3]Item List (3)'!A$1:B$110000,2,FALSE) -> IR. 211 YY4 | L47: 260116004 | M47: =IF((LEFT(J47))="2",$L$2,$J$2) -> IR | N47: 25 | O47: =IFERROR(3600/N47,"") -> 144 | P47: 1 | Q47: 705 | R47: 70 | S47: 20 | T47: 12 | U47: =Q47+S47+T47 -> 737 | V47: 415 | AC47: 15 | AE47: 15 | AP47: 30 | BE47: 5 | BG47: =SUM(V47:BF47) -> 480 | BH47: =BG47/60 -> 8 | BI47: =IFERROR(BH47-SUM(W47:BF47)/60,0) -> 6.9166667 | BJ47: =IFERROR(BI47/BH47*100,0) -> 86.458333 | BK47: =IFERROR(((U47*N47)/(BI47*3600)*100),0) -> 73.995984 | BL47: =IFERROR(((U47-(R47+S47+T47))/U47*100),0) -> 86.160109 | BM47: =IFERROR((((BJ47*BK47*BL47)/1000000)*100),0) -> 55.121528 | BN47: =(W47+AP47+BE47+BF47)/60 -> 0.58333333 | BO47: =IFERROR(((BH47-BN47)*3600)/N47,0) -> 1068 | BP47: =IFERROR(SUM(W47:BF47)/60-BN47,0) -> 0.5 | BQ47: =IFERROR(BP47*3600/N47,0) -> 72 | BR47: 1 | BT47: 1 | BU47: 1 | BW47: =Q47*P47 -> 705
A48: 53 | B48: 46054 | C48: II | D48: =LEFT(E48,2) -> IG | E48: IG.15 | F48: BG | G48: Akash Kumar | J48: 100261 | K48: =VLOOKUP(J48,'[3]Item List (3)'!A$1:B$110000,2,FALSE) -> IR. 211 YY4 | L48: 260116004 | M48: =IF((LEFT(J48))="2",$L$2,$J$2) -> IR | N48: 25 | O48: =IFERROR(3600/N48,"") -> 144 | P48: 1 | Q48: 547 | R48: 167 | S48: 52 | T48: 6 | U48: =Q48+S48+T48 -> 605 | V48: 405 | Z48: 15 | AC48: 10 | AE48: 10 | AP48: 40 | BG48: =SUM(V48:BF48) -> 480 | BH48: =BG48/60 -> 8 | BI48: =IFERROR(BH48-SUM(W48:BF48)/60,0) -> 6.75 | BJ48: =IFERROR(BI48/BH48*100,0) -> 84.375 | BK48: =IFERROR(((U48*N48)/(BI48*3600)*100),0) -> 62.242798 | BL48: =IFERROR(((U48-(R48+S48+T48))/U48*100),0) -> 62.809917 | BM48: =IFERROR((((BJ48*BK48*BL48)/1000000)*100),0) -> 32.986111 | BN48: =(W48+AP48+BE48+BF48)/60 -> 0.66666667 | BO48: =IFERROR(((BH48-BN48)*3600)/N48,0) -> 1056 | BP48: =IFERROR(SUM(W48:BF48)/60-BN48,0) -> 0.58333333 | BQ48: =IFERROR(BP48*3600/N48,0) -> 84 | BR48: 1 | BW48: =Q48*P48 -> 547
A49: 54 | B49: 46054 | C49: I | D49: =LEFT(E49,2) -> IG | E49: IG.16 | F49: BG | G49: Anand P | J49: 200827.1 | K49: =VLOOKUP(J49,'[3]Item List (3)'!A$1:B$110000,2,FALSE) -> MNA.OR 4020 | L49: 251204004 | M49: =IF((LEFT(J49))="2",$L$2,$J$2) -> OR | N49: 25 | O49: =IFERROR(3600/N49,"") -> 144 | P49: 1 | Q49: 977 | S49: 8 | U49: =Q49+S49+T49 -> 985 | V49: 450 | AE49: 10 | AP49: 20 | BG49: =SUM(V49:BF49) -> 480 | BH49: =BG49/60 -> 8 | BI49: =IFERROR(BH49-SUM(W49:BF49)/60,0) -> 7.5 | BJ49: =IFERROR(BI49/BH49*100,0) -> 93.75 | BK49: =IFERROR(((U49*N49)/(BI49*3600)*100),0) -> 91.203704 | BL49: =IFERROR(((U49-(R49+S49+T49))/U49*100),0) -> 99.187817 | BM49: =IFERROR((((BJ49*BK49*BL49)/1000000)*100),0) -> 84.809028 | BN49: =(W49+AP49+BE49+BF49)/60 -> 0.33333333 | BO49: =IFERROR(((BH49-BN49)*3600)/N49,0) -> 1104 | BP49: =IFERROR(SUM(W49:BF49)/60-BN49,0) -> 0.16666667 | BQ49: =IFERROR(BP49*3600/N49,0) -> 24 | BR49: 1 | BW49: =Q49*P49 -> 977
A50: 55 | B50: 46054 | C50: II | D50: =LEFT(E50,2) -> IG | E50: IG.16 | F50: BG | G50: Pankajbhai Khasiya | H50: Hashmukh | J50: 200827.1 | K50: =VLOOKUP(J50,'[3]Item List (3)'!A$1:B$110000,2,FALSE) -> MNA.OR 4020 | L50: 251207004 | M50: =IF((LEFT(J50))="2",$L$2,$J$2) -> OR | N50: 25 | O50: =IFERROR(3600/N50,"") -> 144 | P50: 1 | Q50: 859 | R50: 9 | S50: 10 | U50: =Q50+S50+T50 -> 869 | V50: 405 | Z50: 15 | AC50: 15 | AE50: 10 | AP50: 30 | BE50: 5 | BG50: =SUM(V50:BF50) -> 480 | BH50: =BG50/60 -> 8 | BI50: =IFERROR(BH50-SUM(W50:BF50)/60,0) -> 6.75 | BJ50: =IFERROR(BI50/BH50*100,0) -> 84.375 | BK50: =IFERROR(((U50*N50)/(BI50*3600)*100),0) -> 89.403292 | BL50: =IFERROR(((U50-(R50+S50+T50))/U50*100),0) -> 97.813579 | BM50: =IFERROR((((BJ50*BK50*BL50)/1000000)*100),0) -> 73.784722 | BN50: =(W50+AP50+BE50+BF50)/60 -> 0.58333333 | BO50: =IFERROR(((BH50-BN50)*3600)/N50,0) -> 1068 | BP50: =IFERROR(SUM(W50:BF50)/60-BN50,0) -> 0.66666667 | BQ50: =IFERROR(BP50*3600/N50,0) -> 96 | BW50: =Q50*P50 -> 859
A51: 56 | B51: 46054 | C51: I | D51: =LEFT(E51,2) -> IG | E51: IG.17 | K51: =VLOOKUP(J51,'[3]Item List (3)'!A$1:B$110000,2,FALSE) -> #N/A | M51: =IF((LEFT(J51))="2",$L$2,$J$2) -> IR | O51: =IFERROR(3600/N51,"") | U51: =Q51+S51+T51 -> 0 | BF51: 480 | BG51: =SUM(V51:BF51) -> 480 | BH51: =BG51/60 -> 8 | BI51: =IFERROR(BH51-SUM(W51:BF51)/60,0) -> 0 | BJ51: =IFERROR(BI51/BH51*100,0) -> 0 | BK51: =IFERROR(((U51*N51)/(BI51*3600)*100),0) -> 0 | BL51: =IFERROR(((U51-(R51+S51+T51))/U51*100),0) -> 0 | BM51: =IFERROR((((BJ51*BK51*BL51)/1000000)*100),0) -> 0 | BN51: =(W51+AP51+BE51+BF51)/60 -> 8 | BO51: =IFERROR(((BH51-BN51)*3600)/N51,0) -> 0 | BP51: =IFERROR(SUM(W51:BF51)/60-BN51,0) -> 0 | BQ51: =IFERROR(BP51*3600/N51,0) -> 0 | BW51: =Q51*P51 -> 0
A52: 57 | B52: 46054 | C52: II | D52: =LEFT(E52,2) -> IG | E52: IG.17 | K52: =VLOOKUP(J52,'[3]Item List (3)'!A$1:B$110000,2,FALSE) -> #N/A | M52: =IF((LEFT(J52))="2",$L$2,$J$2) -> IR | O52: =IFERROR(3600/N52,"") | U52: =Q52+S52+T52 -> 0 | BF52: 480 | BG52: =SUM(V52:BF52) -> 480 | BH52: =BG52/60 -> 8 | BI52: =IFERROR(BH52-SUM(W52:BF52)/60,0) -> 0 | BJ52: =IFERROR(BI52/BH52*100,0) -> 0 | BK52: =IFERROR(((U52*N52)/(BI52*3600)*100),0) -> 0 | BL52: =IFERROR(((U52-(R52+S52+T52))/U52*100),0) -> 0 | BM52: =IFERROR((((BJ52*BK52*BL52)/1000000)*100),0) -> 0 | BN52: =(W52+AP52+BE52+BF52)/60 -> 8 | BO52: =IFERROR(((BH52-BN52)*3600)/N52,0) -> 0 | BP52: =IFERROR(SUM(W52:BF52)/60-BN52,0) -> 0 | BQ52: =IFERROR(BP52*3600/N52,0) -> 0 | BW52: =Q52*P52 -> 0
A53: 58 | B53: 46054 | C53: I | D53: =LEFT(E53,2) -> IG | E53: IG.18 | F53: BG | G53: Pankajbhai Khasiya | H53: Hritik singh | J53: 208417 | K53: =VLOOKUP(J53,'[3]Item List (3)'!A$1:B$110000,2,FALSE) -> JC.OR 8008 | L53: 251223008 | M53: =IF((LEFT(J53))="2",$L$2,$J$2) -> OR | N53: 30 | O53: =IFERROR(3600/N53,"") -> 120 | P53: 1 | Q53: 154 | R53: 7 | S53: 14 | U53: =Q53+S53+T53 -> 168 | V53: 90 | W53: 240 | AR53: 150 | BG53: =SUM(V53:BF53) -> 480 | BH53: =BG53/60 -> 8 | BI53: =IFERROR(BH53-SUM(W53:BF53)/60,0) -> 1.5 | BJ53: =IFERROR(BI53/BH53*100,0) -> 18.75 | BK53: =IFERROR(((U53*N53)/(BI53*3600)*100),0) -> 93.333333 | BL53: =IFERROR(((U53-(R53+S53+T53))/U53*100),0) -> 87.5 | BM53: =IFERROR((((BJ53*BK53*BL53)/1000000)*100),0) -> 15.3125 | BN53: =(W53+AP53+BE53+BF53)/60 -> 4 | BO53: =IFERROR(((BH53-BN53)*3600)/N53,0) -> 480 | BP53: =IFERROR(SUM(W53:BF53)/60-BN53,0) -> 2.5 | BQ53: =IFERROR(BP53*3600/N53,0) -> 300 | BR53: 1 | BT53: 1 | BU53: 1 | BW53: =Q53*P53 -> 154
A54: 59 | B54: 46054 | C54: II | D54: =LEFT(E54,2) -> IG | E54: IG.18 | F54: BG | G54: Ramesh Shakriya | J54: 208417 | K54: =VLOOKUP(J54,'[3]Item List (3)'!A$1:B$110000,2,FALSE) -> JC.OR 8008 | L54: 251223008 | M54: =IF((LEFT(J54))="2",$L$2,$J$2) -> OR | N54: 30 | O54: =IFERROR(3600/N54,"") -> 120 | P54: 1 | Q54: 501 | S54: 38 | U54: =Q54+S54+T54 -> 539 | V54: 360 | Y54: 40 | Z54: 10 | AC54: 15 | AE54: 10 | AF54: 10 | AP54: 10 | AX54: 15 | BC54: 10 | BG54: =SUM(V54:BF54) -> 480 | BH54: =BG54/60 -> 8 | BI54: =IFERROR(BH54-SUM(W54:BF54)/60,0) -> 6 | BJ54: =IFERROR(BI54/BH54*100,0) -> 75 | BK54: =IFERROR(((U54*N54)/(BI54*3600)*100),0) -> 74.861111 | BL54: =IFERROR(((U54-(R54+S54+T54))/U54*100),0) -> 92.949907 | BM54: =IFERROR((((BJ54*BK54*BL54)/1000000)*100),0) -> 52.1875 | BN54: =(W54+AP54+BE54+BF54)/60 -> 0.16666667 | BO54: =IFERROR(((BH54-BN54)*3600)/N54,0) -> 940 | BP54: =IFERROR(SUM(W54:BF54)/60-BN54,0) -> 1.8333333 | BQ54: =IFERROR(BP54*3600/N54,0) -> 220 | BW54: =Q54*P54 -> 501
A55: 60 | B55: 46054 | C55: I | D55: =LEFT(E55,2) -> IG | E55: IG.19 | F55: BG | G55: Rinaben Oganiya | J55: 208281 | K55: =VLOOKUP(J55,'[3]Item List (3)'!A$1:B$110000,2,FALSE) -> D.OR 14536 | L55: 251225006 | M55: =IF((LEFT(J55))="2",$L$2,$J$2) -> OR | N55: 90 | O55: =IFERROR(3600/N55,"") -> 40 | P55: 1 | Q55: 107 | R55: 24 | U55: =Q55+S55+T55 -> 107 | V55: 250 | X55: 10 | AP55: 30 | AR55: 150 | AX55: 40 | BG55: =SUM(V55:BF55) -> 480 | BH55: =BG55/60 -> 8 | BI55: =IFERROR(BH55-SUM(W55:BF55)/60,0) -> 4.1666667 | BJ55: =IFERROR(BI55/BH55*100,0) -> 52.083333 | BK55: =IFERROR(((U55*N55)/(BI55*3600)*100),0) -> 64.2 | BL55: =IFERROR(((U55-(R55+S55+T55))/U55*100),0) -> 77.570093 | BM55: =IFERROR((((BJ55*BK55*BL55)/1000000)*100),0) -> 25.9375 | BN55: =(W55+AP55+BE55+BF55)/60 -> 0.5 | BO55: =IFERROR(((BH55-BN55)*3600)/N55,0) -> 300 | BP55: =IFERROR(SUM(W55:BF55)/60-BN55,0) -> 3.3333333 | BQ55: =IFERROR(BP55*3600/N55,0) -> 133.33333 | BW55: =Q55*P55 -> 107
A56: 61 | B56: 46054 | C56: II | D56: =LEFT(E56,2) -> IG | E56: IG.19 | F56: BG | G56: Rinaben Oganiya | J56: 208281 | K56: =VLOOKUP(J56,'[3]Item List (3)'!A$1:B$110000,2,FALSE) -> D.OR 14536 | L56: 251225006 | M56: =IF((LEFT(J56))="2",$L$2,$J$2) -> OR | N56: 90 | O56: =IFERROR(3600/N56,"") -> 40 | P56: 1 | Q56: 43 | R56: 5 | U56: =Q56+S56+T56 -> 43 | V56: 90 | X56: 60 | AR56: 300 | AX56: 30 | BG56: =SUM(V56:BF56) -> 480 | BH56: =BG56/60 -> 8 | BI56: =IFERROR(BH56-SUM(W56:BF56)/60,0) -> 1.5 | BJ56: =IFERROR(BI56/BH56*100,0) -> 18.75 | BK56: =IFERROR(((U56*N56)/(BI56*3600)*100),0) -> 71.666667 | BL56: =IFERROR(((U56-(R56+S56+T56))/U56*100),0) -> 88.372093 | BM56: =IFERROR((((BJ56*BK56*BL56)/1000000)*100),0) -> 11.875 | BN56: =(W56+AP56+BE56+BF56)/60 -> 0 | BO56: =IFERROR(((BH56-BN56)*3600)/N56,0) -> 320 | BP56: =IFERROR(SUM(W56:BF56)/60-BN56,0) -> 6.5 | BQ56: =IFERROR(BP56*3600/N56,0) -> 260 | BW56: =Q56*P56 -> 43
A57: 62 | B57: 46054 | C57: I | D57: =LEFT(E57,2) -> IG | E57: IG.20 | K57: =VLOOKUP(J57,'[3]Item List (3)'!A$1:B$110000,2,FALSE) -> #N/A | M57: =IF((LEFT(J57))="2",$L$2,$J$2) -> IR | O57: =IFERROR(3600/N57,"") | U57: =Q57+S57+T57 -> 0 | BG57: =SUM(V57:BF57) -> 0 | BH57: =BG57/60 -> 0 | BI57: =IFERROR(BH57-SUM(W57:BF57)/60,0) -> 0 | BJ57: =IFERROR(BI57/BH57*100,0) -> 0 | BK57: =IFERROR(((U57*N57)/(BI57*3600)*100),0) -> 0 | BL57: =IFERROR(((U57-(R57+S57+T57))/U57*100),0) -> 0 | BM57: =IFERROR((((BJ57*BK57*BL57)/1000000)*100),0) -> 0 | BN57: =(W57+AP57+BE57+BF57)/60 -> 0 | BO57: =IFERROR(((BH57-BN57)*3600)/N57,0) -> 0 | BP57: =IFERROR(SUM(W57:BF57)/60-BN57,0) -> 0 | BQ57: =IFERROR(BP57*3600/N57,0) -> 0 | BW57: =Q57*P57 -> 0
A58: 63 | B58: 46054 | C58: II | D58: =LEFT(E58,2) -> IG | E58: IG.20 | K58: =VLOOKUP(J58,'[3]Item List (3)'!A$1:B$110000,2,FALSE) -> #N/A | M58: =IF((LEFT(J58))="2",$L$2,$J$2) -> IR | O58: =IFERROR(3600/N58,"") | U58: =Q58+S58+T58 -> 0 | BG58: =SUM(V58:BF58) -> 0 | BH58: =BG58/60 -> 0 | BI58: =IFERROR(BH58-SUM(W58:BF58)/60,0) -> 0 | BJ58: =IFERROR(BI58/BH58*100,0) -> 0 | BK58: =IFERROR(((U58*N58)/(BI58*3600)*100),0) -> 0 | BL58: =IFERROR(((U58-(R58+S58+T58))/U58*100),0) -> 0 | BM58: =IFERROR((((BJ58*BK58*BL58)/1000000)*100),0) -> 0 | BN58: =(W58+AP58+BE58+BF58)/60 -> 0 | BO58: =IFERROR(((BH58-BN58)*3600)/N58,0) -> 0 | BP58: =IFERROR(SUM(W58:BF58)/60-BN58,0) -> 0 | BQ58: =IFERROR(BP58*3600/N58,0) -> 0 | BW58: =Q58*P58 -> 0
A59: 64 | B59: 46054 | C59: I | D59: =LEFT(E59,2) -> HO | E59: HO.02 | F59: HONING | G59: Sunil | H59: Rohit | J59: 100282.4 | K59: =VLOOKUP(J59,'[3]Item List (3)'!A$1:B$110000,2,FALSE) -> D.IR 14537 SPL | L59: 251225005 | M59: =IF((LEFT(J59))="2",$L$2,$J$2) -> IR | N59: 55 | O59: =IFERROR(3600/N59,"") -> 65.454545 | P59: 1 | Q59: 147 | U59: =Q59+S59+T59 -> 147 | V59: 180 | AP59: 30 | AW59: 90 | BG59: =SUM(V59:BF59) -> 300 | BH59: =BG59/60 -> 5 | BI59: =IFERROR(BH59-SUM(W59:BF59)/60,0) -> 3 | BJ59: =IFERROR(BI59/BH59*100,0) -> 60 | BK59: =IFERROR(((U59*N59)/(BI59*3600)*100),0) -> 74.861111 | BL59: =IFERROR(((U59-(R59+S59+T59))/U59*100),0) -> 100 | BM59: =IFERROR((((BJ59*BK59*BL59)/1000000)*100),0) -> 44.916667 | BN59: =(W59+AP59+BE59+BF59)/60 -> 0.5 | BO59: =IFERROR(((BH59-BN59)*3600)/N59,0) -> 294.54545 | BP59: =IFERROR(SUM(W59:BF59)/60-BN59,0) -> 1.5 | BQ59: =IFERROR(BP59*3600/N59,0) -> 98.181818 | BW59: =Q59*P59 -> 147
A60: 65 | B60: 46054 | C60: I | D60: =LEFT(E60,2) -> HO | E60: HO.02 | F60: HONING | G60: Sunil | H60: Rohit | J60: 104281 | K60: =VLOOKUP(J60,'[3]Item List (3)'!A$1:B$110000,2,FALSE) -> D.IR 14536 | M60: =IF((LEFT(J60))="2",$L$2,$J$2) -> IR | N60: 55 | O60: =IFERROR(3600/N60,"") -> 65.454545 | P60: 1 | Q60: 72 | U60: =Q60+S60+T60 -> 72 | V60: 85 | W60: 35 | BG60: =SUM(V60:BF60) -> 120 | BH60: =BG60/60 -> 2 | BI60: =IFERROR(BH60-SUM(W60:BF60)/60,0) -> 1.4166667 | BJ60: =IFERROR(BI60/BH60*100,0) -> 70.833333 | BK60: =IFERROR(((U60*N60)/(BI60*3600)*100),0) -> 77.647059 | BL60: =IFERROR(((U60-(R60+S60+T60))/U60*100),0) -> 100 | BM60: =IFERROR((((BJ60*BK60*BL60)/1000000)*100),0) -> 55 | BN60: =(W60+AP60+BE60+BF60)/60 -> 0.58333333 | BO60: =IFERROR(((BH60-BN60)*3600)/N60,0) -> 92.727273 | BP60: =IFERROR(SUM(W60:BF60)/60-BN60,0) -> 0 | BQ60: =IFERROR(BP60*3600/N60,0) -> 0 | BW60: =Q60*P60 -> 72
A61: 66 | B61: 46054 | C61: I | D61: =LEFT(E61,2) -> HO | E61: HO.02 | F61: Ass. Rework | G61: Sunil | H61: Rohit | J61: 104281 | K61: =VLOOKUP(J61,'[3]Item List (3)'!A$1:B$110000,2,FALSE) -> D.IR 14536 | M61: =IF((LEFT(J61))="2",$L$2,$J$2) -> IR | N61: 55 | O61: =IFERROR(3600/N61,"") -> 65.454545 | P61: 1 | Q61: 61 | U61: =Q61+S61+T61 -> 61 | V61: 60 | BG61: =SUM(V61:BF61) -> 60 | BH61: =BG61/60 -> 1 | BI61: =IFERROR(BH61-SUM(W61:BF61)/60,0) -> 1 | BJ61: =IFERROR(BI61/BH61*100,0) -> 100 | BK61: =IFERROR(((U61*N61)/(BI61*3600)*100),0) -> 93.194444 | BL61: =IFERROR(((U61-(R61+S61+T61))/U61*100),0) -> 100 | BM61: =IFERROR((((BJ61*BK61*BL61)/1000000)*100),0) -> 93.194444 | BN61: =(W61+AP61+BE61+BF61)/60 -> 0 | BO61: =IFERROR(((BH61-BN61)*3600)/N61,0) -> 65.454545 | BP61: =IFERROR(SUM(W61:BF61)/60-BN61,0) -> 0 | BQ61: =IFERROR(BP61*3600/N61,0) -> 0 | BW61: =Q61*P61 -> 61
A62: 67 | B62: 46054 | C62: II | D62: =LEFT(E62,2) -> HO | E62: HO.02 | F62: HONING | G62: Akshay | J62: 100282.4 | K62: =VLOOKUP(J62,'[3]Item List (3)'!A$1:B$110000,2,FALSE) -> D.IR 14537 SPL | L62: 251225005 | M62: =IF((LEFT(J62))="2",$L$2,$J$2) -> IR | N62: 55 | O62: =IFERROR(3600/N62,"") -> 65.454545 | P62: 1 | Q62: 218 | U62: =Q62+S62+T62 -> 218 | V62: 255 | X62: 90 | AN62: 120 | AP62: 15 | BG62: =SUM(V62:BF62) -> 480 | BH62: =BG62/60 -> 8 | BI62: =IFERROR(BH62-SUM(W62:BF62)/60,0) -> 4.25 | BJ62: =IFERROR(BI62/BH62*100,0) -> 53.125 | BK62: =IFERROR(((U62*N62)/(BI62*3600)*100),0) -> 78.366013 | BL62: =IFERROR(((U62-(R62+S62+T62))/U62*100),0) -> 100 | BM62: =IFERROR((((BJ62*BK62*BL62)/1000000)*100),0) -> 41.631944 | BN62: =(W62+AP62+BE62+BF62)/60 -> 0.25 | BO62: =IFERROR(((BH62-BN62)*3600)/N62,0) -> 507.27273 | BP62: =IFERROR(SUM(W62:BF62)/60-BN62,0) -> 3.5 | BQ62: =IFERROR(BP62*3600/N62,0) -> 229.09091 | BW62: =Q62*P62 -> 218
A63: 68 | B63: 46054 | C63: I | D63: =LEFT(E63,2) -> HO | E63: HO.03 | F63: HONING | G63: Pankaj Oganiya | J63: 208442 | K63: =VLOOKUP(J63,'[3]Item List (3)'!A$1:B$110000,2,FALSE) -> R.OR 442(JC 8015) (L) | L63: 251226004 | M63: =IF((LEFT(J63))="2",$L$2,$J$2) -> OR | N63: 20 | O63: =IFERROR(3600/N63,"") -> 180 | P63: 1 | Q63: 1219 | U63: =Q63+S63+T63 -> 1219 | V63: 435 | AP63: 45 | BG63: =SUM(V63:BF63) -> 480 | BH63: =BG63/60 -> 8 | BI63: =IFERROR(BH63-SUM(W63:BF63)/60,0) -> 7.25 | BJ63: =IFERROR(BI63/BH63*100,0) -> 90.625 | BK63: =IFERROR(((U63*N63)/(BI63*3600)*100),0) -> 93.409962 | BL63: =IFERROR(((U63-(R63+S63+T63))/U63*100),0) -> 100 | BM63: =IFERROR((((BJ63*BK63*BL63)/1000000)*100),0) -> 84.652778 | BN63: =(W63+AP63+BE63+BF63)/60 -> 0.75 | BO63: =IFERROR(((BH63-BN63)*3600)/N63,0) -> 1305 | BP63: =IFERROR(SUM(W63:BF63)/60-BN63,0) -> 0 | BQ63: =IFERROR(BP63*3600/N63,0) -> 0 | BW63: =Q63*P63 -> 1219
A64: 67 | B64: 46054 | C64: II | D64: =LEFT(E64,2) -> HO | E64: HO.03 | F64: HONING | G64: Parulben Ranga | H64: Nihar Sheth | J64: 208442 | K64: =VLOOKUP(J64,'[3]Item List (3)'!A$1:B$110000,2,FALSE) -> R.OR 442(JC 8015) (L) | L64: 251226005 | M64: =IF((LEFT(J64))="2",$L$2,$J$2) -> OR | N64: 20 | O64: =IFERROR(3600/N64,"") -> 180 | P64: 1 | Q64: 1195 | U64: =Q64+S64+T64 -> 1195 | V64: 420 | X64: 30 | AP64: 30 | BG64: =SUM(V64:BF64) -> 480 | BH64: =BG64/60 -> 8 | BI64: =IFERROR(BH64-SUM(W64:BF64)/60,0) -> 7 | BJ64: =IFERROR(BI64/BH64*100,0) -> 87.5 | BK64: =IFERROR(((U64*N64)/(BI64*3600)*100),0) -> 94.84127 | BL64: =IFERROR(((U64-(R64+S64+T64))/U64*100),0) -> 100 | BM64: =IFERROR((((BJ64*BK64*BL64)/1000000)*100),0) -> 82.986111 | BN64: =(W64+AP64+BE64+BF64)/60 -> 0.5 | BO64: =IFERROR(((BH64-BN64)*3600)/N64,0) -> 1350 | BP64: =IFERROR(SUM(W64:BF64)/60-BN64,0) -> 0.5 | BQ64: =IFERROR(BP64*3600/N64,0) -> 90 | BW64: =Q64*P64 -> 1195
A65: 70 | B65: 46054 | C65: I | D65: =LEFT(E65,2) -> HO | E65: HO.06 | F65: HONING | G65: Navghan | J65: 1526014 | K65: =VLOOKUP(J65,'[3]Item List (3)'!A$1:B$110000,2,FALSE) -> #N/A | L65: 251107004 | M65: =IF((LEFT(J65))="2",$L$2,$J$2) -> IR | N65: 25 | O65: =IFERROR(3600/N65,"") -> 144 | P65: 1 | Q65: 953 | U65: =Q65+S65+T65 -> 953 | V65: 415 | AN65: 20 | AP65: 45 | BG65: =SUM(V65:BF65) -> 480 | BH65: =BG65/60 -> 8 | BI65: =IFERROR(BH65-SUM(W65:BF65)/60,0) -> 6.9166667 | BJ65: =IFERROR(BI65/BH65*100,0) -> 86.458333 | BK65: =IFERROR(((U65*N65)/(BI65*3600)*100),0) -> 95.682731 | BL65: =IFERROR(((U65-(R65+S65+T65))/U65*100),0) -> 100 | BM65: =IFERROR((((BJ65*BK65*BL65)/1000000)*100),0) -> 82.725694 | BN65: =(W65+AP65+BE65+BF65)/60 -> 0.75 | BO65: =IFERROR(((BH65-BN65)*3600)/N65,0) -> 1044 | BP65: =IFERROR(SUM(W65:BF65)/60-BN65,0) -> 0.33333333 | BQ65: =IFERROR(BP65*3600/N65,0) -> 48 | BW65: =Q65*P65 -> 953
A66: 71 | B66: 46054 | C66: II | D66: =LEFT(E66,2) -> HO | E66: HO.06 | F66: HONING | G66: Nihar Sheth | H66: Vishal | I66: Anand Kaldiya | J66: 208249 | K66: =VLOOKUP(J66,'[3]Item List (3)'!A$1:B$110000,2,FALSE) -> OW-BDA-4003 | L66: 251226003 | M66: =IF((LEFT(J66))="2",$L$2,$J$2) -> OR | N66: 25 | O66: =IFERROR(3600/N66,"") -> 144 | P66: 1 | Q66: 710 | U66: =Q66+S66+T66 -> 710 | V66: 335 | W66: 60 | X66: 55 | AP66: 30 | BG66: =SUM(V66:BF66) -> 480 | BH66: =BG66/60 -> 8 | BI66: =IFERROR(BH66-SUM(W66:BF66)/60,0) -> 5.5833333 | BJ66: =IFERROR(BI66/BH66*100,0) -> 69.791667 | BK66: =IFERROR(((U66*N66)/(BI66*3600)*100),0) -> 88.308458 | BL66: =IFERROR(((U66-(R66+S66+T66))/U66*100),0) -> 100 | BM66: =IFERROR((((BJ66*BK66*BL66)/1000000)*100),0) -> 61.631944 | BN66: =(W66+AP66+BE66+BF66)/60 -> 1.5 | BO66: =IFERROR(((BH66-BN66)*3600)/N66,0) -> 936 | BP66: =IFERROR(SUM(W66:BF66)/60-BN66,0) -> 0.91666667 | BQ66: =IFERROR(BP66*3600/N66,0) -> 132 | BW66: =Q66*P66 -> 710
A67: 72 | B67: 46054 | C67: I | D67: =LEFT(E67,2) -> HO | E67: HO.07 IR | F67: HONING | G67: Umang | J67: 1526013 | K67: =VLOOKUP(J67,'[3]Item List (3)'!A$1:B$110000,2,FALSE) -> #N/A | L67: 251107005 | M67: =IF((LEFT(J67))="2",$L$2,$J$2) -> IR | N67: 15 | O67: =IFERROR(3600/N67,"") -> 240 | P67: 1 | Q67: 1526 | U67: =Q67+S67+T67 -> 1526 | V67: 400 | AN67: 50 | AP67: 30 | BG67: =SUM(V67:BF67) -> 480 | BH67: =BG67/60 -> 8 | BI67: =IFERROR(BH67-SUM(W67:BF67)/60,0) -> 6.6666667 | BJ67: =IFERROR(BI67/BH67*100,0) -> 83.333333 | BK67: =IFERROR(((U67*N67)/(BI67*3600)*100),0) -> 95.375 | BL67: =IFERROR(((U67-(R67+S67+T67))/U67*100),0) -> 100 | BM67: =IFERROR((((BJ67*BK67*BL67)/1000000)*100),0) -> 79.479167 | BN67: =(W67+AP67+BE67+BF67)/60 -> 0.5 | BO67: =IFERROR(((BH67-BN67)*3600)/N67,0) -> 1800 | BP67: =IFERROR(SUM(W67:BF67)/60-BN67,0) -> 0.83333333 | BQ67: =IFERROR(BP67*3600/N67,0) -> 200 | BW67: =Q67*P67 -> 1526
A68: 73 | B68: 46054 | C68: II | D68: =LEFT(E68,2) -> HO | E68: HO.07 IR | F68: HONING | G68: Mehul M | J68: 104299 | K68: =VLOOKUP(J68,'[3]Item List (3)'!A$1:B$110000,2,FALSE) -> IR.9916 | M68: =IF((LEFT(J68))="2",$L$2,$J$2) -> IR | N68: 15 | O68: =IFERROR(3600/N68,"") -> 240 | P68: 1 | U68: =Q68+S68+T68 -> 0 | W68: 180 | AN68: 300 | BG68: =SUM(V68:BF68) -> 480 | BH68: =BG68/60 -> 8 | BI68: =IFERROR(BH68-SUM(W68:BF68)/60,0) -> 0 | BJ68: =IFERROR(BI68/BH68*100,0) -> 0 | BK68: =IFERROR(((U68*N68)/(BI68*3600)*100),0) -> 0 | BL68: =IFERROR(((U68-(R68+S68+T68))/U68*100),0) -> 0 | BM68: =IFERROR((((BJ68*BK68*BL68)/1000000)*100),0) -> 0 | BN68: =(W68+AP68+BE68+BF68)/60 -> 3 | BO68: =IFERROR(((BH68-BN68)*3600)/N68,0) -> 1200 | BP68: =IFERROR(SUM(W68:BF68)/60-BN68,0) -> 5 | BQ68: =IFERROR(BP68*3600/N68,0) -> 1200 | BW68: =Q68*P68 -> 0
A69: 74 | B69: 46054 | C69: I | D69: =LEFT(E69,2) -> HO | E69: HO.07 OR | F69: HONING | G69: Kiran Vaghadiya | H69: Ravikumar Sharma | J69: 200299.13 | K69: =VLOOKUP(J69,'[3]Item List (3)'!A$1:B$110000,2,FALSE) -> OR.9913 C | L69: 251127015 | M69: =IF((LEFT(J69))="2",$L$2,$J$2) -> OR | N69: 15 | O69: =IFERROR(3600/N69,"") -> 240 | P69: 1 | Q69: 868 | U69: =Q69+S69+T69 -> 868 | V69: 230 | AP69: 10 | AR69: 240 | BG69: =SUM(V69:BF69) -> 480 | BH69: =BG69/60 -> 8 | BI69: =IFERROR(BH69-SUM(W69:BF69)/60,0) -> 3.8333333 | BJ69: =IFERROR(BI69/BH69*100,0) -> 47.916667 | BK69: =IFERROR(((U69*N69)/(BI69*3600)*100),0) -> 94.347826 | BL69: =IFERROR(((U69-(R69+S69+T69))/U69*100),0) -> 100 | BM69: =IFERROR((((BJ69*BK69*BL69)/1000000)*100),0) -> 45.208333 | BN69: =(W69+AP69+BE69+BF69)/60 -> 0.16666667 | BO69: =IFERROR(((BH69-BN69)*3600)/N69,0) -> 1880 | BP69: =IFERROR(SUM(W69:BF69)/60-BN69,0) -> 4 | BQ69: =IFERROR(BP69*3600/N69,0) -> 960 | BW69: =Q69*P69 -> 868
A70: 75 | B70: 46054 | C70: II | D70: =LEFT(E70,2) -> HO | E70: HO.07 OR | F70: HONING | G70: Ravikumar Sharma | H70: Nihar Sheth | I70: Mehul M | J70: 200299.13 | K70: =VLOOKUP(J70,'[3]Item List (3)'!A$1:B$110000,2,FALSE) -> OR.9913 C | L70: 251127015 | M70: =IF((LEFT(J70))="2",$L$2,$J$2) -> OR | N70: 15 | O70: =IFERROR(3600/N70,"") -> 240 | P70: 1 | Q70: 1283 | R70: 46 | U70: =Q70+S70+T70 -> 1283 | V70: 335 | W70: 105 | AP70: 20 | BC70: 20 | BG70: =SUM(V70:BF70) -> 480 | BH70: =BG70/60 -> 8 | BI70: =IFERROR(BH70-SUM(W70:BF70)/60,0) -> 5.5833333 | BJ70: =IFERROR(BI70/BH70*100,0) -> 69.791667 | BK70: =IFERROR(((U70*N70)/(BI70*3600)*100),0) -> 95.746269 | BL70: =IFERROR(((U70-(R70+S70+T70))/U70*100),0) -> 96.414653 | BM70: =IFERROR((((BJ70*BK70*BL70)/1000000)*100),0) -> 64.427083 | BN70: =(W70+AP70+BE70+BF70)/60 -> 2.0833333 | BO70: =IFERROR(((BH70-BN70)*3600)/N70,0) -> 1420 | BP70: =IFERROR(SUM(W70:BF70)/60-BN70,0) -> 0.33333333 | BQ70: =IFERROR(BP70*3600/N70,0) -> 80 | BR70: 2 | BW70: =Q70*P70 -> 1283
A71: 76 | B71: 46054 | C71: I | D71: =LEFT(E71,2) -> HO | E71: HO.08 IR | K71: =VLOOKUP(J71,'[3]Item List (3)'!A$1:B$110000,2,FALSE) -> #N/A | M71: =IF((LEFT(J71))="2",$L$2,$J$2) -> IR | O71: =IFERROR(3600/N71,"") | U71: =Q71+S71+T71 -> 0 | BF71: 480 | BG71: =SUM(V71:BF71) -> 480 | BH71: =BG71/60 -> 8 | BI71: =IFERROR(BH71-SUM(W71:BF71)/60,0) -> 0 | BJ71: =IFERROR(BI71/BH71*100,0) -> 0 | BK71: =IFERROR(((U71*N71)/(BI71*3600)*100),0) -> 0 | BL71: =IFERROR(((U71-(R71+S71+T71))/U71*100),0) -> 0 | BM71: =IFERROR((((BJ71*BK71*BL71)/1000000)*100),0) -> 0 | BN71: =(W71+AP71+BE71+BF71)/60 -> 8 | BO71: =IFERROR(((BH71-BN71)*3600)/N71,0) -> 0 | BP71: =IFERROR(SUM(W71:BF71)/60-BN71,0) -> 0 | BQ71: =IFERROR(BP71*3600/N71,0) -> 0 | BW71: =Q71*P71 -> 0
A72: 77 | B72: 46054 | C72: II | D72: =LEFT(E72,2) -> HO | E72: HO.08 IR | K72: =VLOOKUP(J72,'[3]Item List (3)'!A$1:B$110000,2,FALSE) -> #N/A | M72: =IF((LEFT(J72))="2",$L$2,$J$2) -> IR | O72: =IFERROR(3600/N72,"") | U72: =Q72+S72+T72 -> 0 | BF72: 480 | BG72: =SUM(V72:BF72) -> 480 | BH72: =BG72/60 -> 8 | BI72: =IFERROR(BH72-SUM(W72:BF72)/60,0) -> 0 | BJ72: =IFERROR(BI72/BH72*100,0) -> 0 | BK72: =IFERROR(((U72*N72)/(BI72*3600)*100),0) -> 0 | BL72: =IFERROR(((U72-(R72+S72+T72))/U72*100),0) -> 0 | BM72: =IFERROR((((BJ72*BK72*BL72)/1000000)*100),0) -> 0 | BN72: =(W72+AP72+BE72+BF72)/60 -> 8 | BO72: =IFERROR(((BH72-BN72)*3600)/N72,0) -> 0 | BP72: =IFERROR(SUM(W72:BF72)/60-BN72,0) -> 0 | BQ72: =IFERROR(BP72*3600/N72,0) -> 0 | BW72: =Q72*P72 -> 0
A73: 78 | B73: 46054 | C73: I | D73: =LEFT(E73,2) -> HO | E73: HO.08 OR | F73: HONING | G73: Rinaben Oganiya | H73: Nihar Sheth | J73: 200827.1 | K73: =VLOOKUP(J73,'[3]Item List (3)'!A$1:B$110000,2,FALSE) -> MNA.OR 4020 | L73: 251207016 | M73: =IF((LEFT(J73))="2",$L$2,$J$2) -> OR | N73: 15 | O73: =IFERROR(3600/N73,"") -> 240 | P73: 1 | Q73: 961 | U73: =Q73+S73+T73 -> 961 | V73: 250 | AP73: 20 | AR73: 210 | BG73: =SUM(V73:BF73) -> 480 | BH73: =BG73/60 -> 8 | BI73: =IFERROR(BH73-SUM(W73:BF73)/60,0) -> 4.1666667 | BJ73: =IFERROR(BI73/BH73*100,0) -> 52.083333 | BK73: =IFERROR(((U73*N73)/(BI73*3600)*100),0) -> 96.1 | BL73: =IFERROR(((U73-(R73+S73+T73))/U73*100),0) -> 100 | BM73: =IFERROR((((BJ73*BK73*BL73)/1000000)*100),0) -> 50.052083 | BN73: =(W73+AP73+BE73+BF73)/60 -> 0.33333333 | BO73: =IFERROR(((BH73-BN73)*3600)/N73,0) -> 1840 | BP73: =IFERROR(SUM(W73:BF73)/60-BN73,0) -> 3.5 | BQ73: =IFERROR(BP73*3600/N73,0) -> 840 | BW73: =Q73*P73 -> 961
A74: 79 | B74: 46054 | C74: II | D74: =LEFT(E74,2) -> HO | E74: HO.08 OR | F74: HONING | G74: Pravin Baraiya | J74: 200827.1 | K74: =VLOOKUP(J74,'[3]Item List (3)'!A$1:B$110000,2,FALSE) -> MNA.OR 4020 | L74: 251207016 | M74: =IF((LEFT(J74))="2",$L$2,$J$2) -> OR | N74: 15 | O74: =IFERROR(3600/N74,"") -> 240 | P74: 1 | Q74: 1750 | U74: =Q74+S74+T74 -> 1750 | V74: 450 | AP74: 30 | BG74: =SUM(V74:BF74) -> 480 | BH74: =BG74/60 -> 8 | BI74: =IFERROR(BH74-SUM(W74:BF74)/60,0) -> 7.5 | BJ74: =IFERROR(BI74/BH74*100,0) -> 93.75 | BK74: =IFERROR(((U74*N74)/(BI74*3600)*100),0) -> 97.222222 | BL74: =IFERROR(((U74-(R74+S74+T74))/U74*100),0) -> 100 | BM74: =IFERROR((((BJ74*BK74*BL74)/1000000)*100),0) -> 91.145833 | BN74: =(W74+AP74+BE74+BF74)/60 -> 0.5 | BO74: =IFERROR(((BH74-BN74)*3600)/N74,0) -> 1800 | BP74: =IFERROR(SUM(W74:BF74)/60-BN74,0) -> 0 | BQ74: =IFERROR(BP74*3600/N74,0) -> 0 | BW74: =Q74*P74 -> 1750
A75: 80 | B75: 46054 | C75: I | D75: =LEFT(E75,2) -> HO | E75: HO.09 IR | K75: =VLOOKUP(J75,'[3]Item List (3)'!A$1:B$110000,2,FALSE) -> #N/A | M75: =IF((LEFT(J75))="2",$L$2,$J$2) -> IR | O75: =IFERROR(3600/N75,"") | U75: =Q75+S75+T75 -> 0 | BF75: 480 | BG75: =SUM(V75:BF75) -> 480 | BH75: =BG75/60 -> 8 | BI75: =IFERROR(BH75-SUM(W75:BF75)/60,0) -> 0 | BJ75: =IFERROR(BI75/BH75*100,0) -> 0 | BK75: =IFERROR(((U75*N75)/(BI75*3600)*100),0) -> 0 | BL75: =IFERROR(((U75-(R75+S75+T75))/U75*100),0) -> 0 | BM75: =IFERROR((((BJ75*BK75*BL75)/1000000)*100),0) -> 0 | BN75: =(W75+AP75+BE75+BF75)/60 -> 8 | BO75: =IFERROR(((BH75-BN75)*3600)/N75,0) -> 0 | BP75: =IFERROR(SUM(W75:BF75)/60-BN75,0) -> 0 | BQ75: =IFERROR(BP75*3600/N75,0) -> 0 | BW75: =Q75*P75 -> 0
A76: 81 | B76: 46054 | C76: II | D76: =LEFT(E76,2) -> HO | E76: HO.09 IR | K76: =VLOOKUP(J76,'[3]Item List (3)'!A$1:B$110000,2,FALSE) -> #N/A | M76: =IF((LEFT(J76))="2",$L$2,$J$2) -> IR | O76: =IFERROR(3600/N76,"") | U76: =Q76+S76+T76 -> 0 | BF76: 480 | BG76: =SUM(V76:BF76) -> 480 | BH76: =BG76/60 -> 8 | BI76: =IFERROR(BH76-SUM(W76:BF76)/60,0) -> 0 | BJ76: =IFERROR(BI76/BH76*100,0) -> 0 | BK76: =IFERROR(((U76*N76)/(BI76*3600)*100),0) -> 0 | BL76: =IFERROR(((U76-(R76+S76+T76))/U76*100),0) -> 0 | BM76: =IFERROR((((BJ76*BK76*BL76)/1000000)*100),0) -> 0 | BN76: =(W76+AP76+BE76+BF76)/60 -> 8 | BO76: =IFERROR(((BH76-BN76)*3600)/N76,0) -> 0 | BP76: =IFERROR(SUM(W76:BF76)/60-BN76,0) -> 0 | BQ76: =IFERROR(BP76*3600/N76,0) -> 0 | BW76: =Q76*P76 -> 0
A77: 82 | B77: 46054 | C77: I | D77: =LEFT(E77,2) -> HO | E77: HO.09 OR | F77: HONING | G77: Rohit | J77: 208281 | K77: =VLOOKUP(J77,'[3]Item List (3)'!A$1:B$110000,2,FALSE) -> D.OR 14536 | M77: =IF((LEFT(J77))="2",$L$2,$J$2) -> OR | N77: 25 | O77: =IFERROR(3600/N77,"") -> 144 | P77: 1 | Q77: 179 | U77: =Q77+S77+T77 -> 179 | V77: 115 | X77: 85 | AN77: 270 | AP77: 10 | BG77: =SUM(V77:BF77) -> 480 | BH77: =BG77/60 -> 8 | BI77: =IFERROR(BH77-SUM(W77:BF77)/60,0) -> 1.9166667 | BJ77: =IFERROR(BI77/BH77*100,0) -> 23.958333 | BK77: =IFERROR(((U77*N77)/(BI77*3600)*100),0) -> 64.855072 | BL77: =IFERROR(((U77-(R77+S77+T77))/U77*100),0) -> 100 | BM77: =IFERROR((((BJ77*BK77*BL77)/1000000)*100),0) -> 15.538194 | BN77: =(W77+AP77+BE77+BF77)/60 -> 0.16666667 | BO77: =IFERROR(((BH77-BN77)*3600)/N77,0) -> 1128 | BP77: =IFERROR(SUM(W77:BF77)/60-BN77,0) -> 5.9166667 | BQ77: =IFERROR(BP77*3600/N77,0) -> 852 | BW77: =Q77*P77 -> 179
A78: 83 | B78: 46054 | C78: II | D78: =LEFT(E78,2) -> HO | E78: HO.09 OR | F78: HONING | G78: Anand Kaldiya | J78: 208281 | K78: =VLOOKUP(J78,'[3]Item List (3)'!A$1:B$110000,2,FALSE) -> D.OR 14536 | L78: 251225006 | M78: =IF((LEFT(J78))="2",$L$2,$J$2) -> OR | N78: 25 | O78: =IFERROR(3600/N78,"") -> 144 | P78: 1 | Q78: 106 | U78: =Q78+S78+T78 -> 106 | V78: 120 | AN78: 350 | AP78: 10 | BG78: =SUM(V78:BF78) -> 480 | BH78: =BG78/60 -> 8 | BI78: =IFERROR(BH78-SUM(W78:BF78)/60,0) -> 2 | BJ78: =IFERROR(BI78/BH78*100,0) -> 25 | BK78: =IFERROR(((U78*N78)/(BI78*3600)*100),0) -> 36.805556 | BL78: =IFERROR(((U78-(R78+S78+T78))/U78*100),0) -> 100 | BM78: =IFERROR((((BJ78*BK78*BL78)/1000000)*100),0) -> 9.2013889 | BN78: =(W78+AP78+BE78+BF78)/60 -> 0.16666667 | BO78: =IFERROR(((BH78-BN78)*3600)/N78,0) -> 1128 | BP78: =IFERROR(SUM(W78:BF78)/60-BN78,0) -> 5.8333333 | BQ78: =IFERROR(BP78*3600/N78,0) -> 840 | BW78: =Q78*P78 -> 106
A79: 84 | B79: 46055 | C79: I | D79: =LEFT(E79,2) -> FG | E79: FG.03 | F79: FG | G79: Tofik | H79: Sunil | J79: 104343 | K79: =VLOOKUP(J79,'[3]Item List (3)'!A$1:B$110000,2,FALSE) -> #N/A | M79: =IF((LEFT(J79))="2",$L$2,$J$2) -> IR | O79: =IFERROR(3600/N79,"") | P79: 1 | U79: =Q79+S79+T79 -> 0 | AP79: 240 | AQ79: 180 | BG79: =SUM(V79:BF79) -> 420 | BH79: =BG79/60 -> 7 | BI79: =IFERROR(BH79-SUM(W79:BF79)/60,0) -> 0 | BJ79: =IFERROR(BI79/BH79*100,0) -> 0 | BK79: =IFERROR(((U79*N79)/(BI79*3600)*100),0) -> 0 | BL79: =IFERROR(((U79-(R79+S79+T79))/U79*100),0) -> 0 | BM79: =IFERROR((((BJ79*BK79*BL79)/1000000)*100),0) -> 0 | BN79: =(W79+AP79+BE79+BF79)/60 -> 4 | BO79: =IFERROR(((BH79-BN79)*3600)/N79,0) -> 0 | BP79: =IFERROR(SUM(W79:BF79)/60-BN79,0) -> 3 | BQ79: =IFERROR(BP79*3600/N79,0) -> 0 | BW79: =Q79*P79 -> 0
A80: 85 | B80: 46055 | C80: I | D80: =LEFT(E80,2) -> FG | E80: FG.03 | G80: Tofik | H80: Sunil | J80: 208448 | K80: =VLOOKUP(J80,'[3]Item List (3)'!A$1:B$110000,2,FALSE) -> R.OR 448(JC 8007) | M80: =IF((LEFT(J80))="2",$L$2,$J$2) -> OR | O80: =IFERROR(3600/N80,"") | U80: =Q80+S80+T80 -> 0 | W80: 60 | BG80: =SUM(V80:BF80) -> 60 | BH80: =BG80/60 -> 1 | BI80: =IFERROR(BH80-SUM(W80:BF80)/60,0) -> 0 | BJ80: =IFERROR(BI80/BH80*100,0) -> 0 | BK80: =IFERROR(((U80*N80)/(BI80*3600)*100),0) -> 0 | BL80: =IFERROR(((U80-(R80+S80+T80))/U80*100),0) -> 0 | BM80: =IFERROR((((BJ80*BK80*BL80)/1000000)*100),0) -> 0 | BN80: =(W80+AP80+BE80+BF80)/60 -> 1 | BO80: =IFERROR(((BH80-BN80)*3600)/N80,0) -> 0 | BP80: =IFERROR(SUM(W80:BF80)/60-BN80,0) -> 0 | BQ80: =IFERROR(BP80*3600/N80,0) -> 0 | BW80: =Q80*P80 -> 0
A81: 86 | B81: 46055 | C81: II | D81: =LEFT(E81,2) -> FG | E81: FG.03 | F81: FG | G81: Nareshbhai Rathod | H81: Sanjay | J81: 208448 | K81: =VLOOKUP(J81,'[3]Item List (3)'!A$1:B$110000,2,FALSE) -> R.OR 448(JC 8007) | L81: 251223011 | M81: =IF((LEFT(J81))="2",$L$2,$J$2) -> OR | O81: =IFERROR(3600/N81,"") | P81: 2 | Q81: 1479 | U81: =Q81+S81+T81 -> 1479 | V81: 120 | X81: 60 | AQ81: 30 | BG81: =SUM(V81:BF81) -> 210 | BH81: =BG81/60 -> 3.5 | BI81: =IFERROR(BH81-SUM(W81:BF81)/60,0) -> 2 | BJ81: =IFERROR(BI81/BH81*100,0) -> 57.142857 | BK81: =IFERROR(((U81*N81)/(BI81*3600)*100),0) -> 0 | BL81: =IFERROR(((U81-(R81+S81+T81))/U81*100),0) -> 100 | BM81: =IFERROR((((BJ81*BK81*BL81)/1000000)*100),0) -> 0 | BN81: =(W81+AP81+BE81+BF81)/60 -> 0 | BO81: =IFERROR(((BH81-BN81)*3600)/N81,0) -> 0 | BP81: =IFERROR(SUM(W81:BF81)/60-BN81,0) -> 1.5 | BQ81: =IFERROR(BP81*3600/N81,0) -> 0 | BW81: =Q81*P81 -> 2958
A82: 87 | B82: 46055 | C82: II | D82: =LEFT(E82,2) -> FG | E82: FG.03 | F82: FG | G82: Nareshbhai Rathod | H82: Sanjay | J82: 208448 | K82: =VLOOKUP(J82,'[3]Item List (3)'!A$1:B$110000,2,FALSE) -> R.OR 448(JC 8007) | L82: 251223010 | M82: =IF((LEFT(J82))="2",$L$2,$J$2) -> OR | O82: =IFERROR(3600/N82,"") | P82: 2 | Q82: 4571 | U82: =Q82+S82+T82 -> 4571 | V82: 270 | BG82: =SUM(V82:BF82) -> 270 | BH82: =BG82/60 -> 4.5 | BI82: =IFERROR(BH82-SUM(W82:BF82)/60,0) -> 4.5 | BJ82: =IFERROR(BI82/BH82*100,0) -> 100 | BK82: =IFERROR(((U82*N82)/(BI82*3600)*100),0) -> 0 | BL82: =IFERROR(((U82-(R82+S82+T82))/U82*100),0) -> 100 | BM82: =IFERROR((((BJ82*BK82*BL82)/1000000)*100),0) -> 0 | BN82: =(W82+AP82+BE82+BF82)/60 -> 0 | BO82: =IFERROR(((BH82-BN82)*3600)/N82,0) -> 0 | BP82: =IFERROR(SUM(W82:BF82)/60-BN82,0) -> 0 | BQ82: =IFERROR(BP82*3600/N82,0) -> 0 | BW82: =Q82*P82 -> 9142
A83: 88 | B83: 46055 | C83: I | D83: =LEFT(E83,2) -> FG | E83: FG.04 | F83: FG | G83: Tofik | H83: Ajay | I83: Sunil | J83: 100282.4 | K83: =VLOOKUP(J83,'[3]Item List (3)'!A$1:B$110000,2,FALSE) -> D.IR 14537 SPL | M83: =IF((LEFT(J83))="2",$L$2,$J$2) -> IR | O83: =IFERROR(3600/N83,"") | P83: 3 | Q83: 661 | U83: =Q83+S83+T83 -> 661 | V83: 240 | W83: 60 | AQ83: 60 | BG83: =SUM(V83:BF83) -> 360 | BH83: =BG83/60 -> 6 | BI83: =IFERROR(BH83-SUM(W83:BF83)/60,0) -> 4 | BJ83: =IFERROR(BI83/BH83*100,0) -> 66.666667 | BK83: =IFERROR(((U83*N83)/(BI83*3600)*100),0) -> 0 | BL83: =IFERROR(((U83-(R83+S83+T83))/U83*100),0) -> 100 | BM83: =IFERROR((((BJ83*BK83*BL83)/1000000)*100),0) -> 0 | BN83: =(W83+AP83+BE83+BF83)/60 -> 1 | BO83: =IFERROR(((BH83-BN83)*3600)/N83,0) -> 0 | BP83: =IFERROR(SUM(W83:BF83)/60-BN83,0) -> 1 | BQ83: =IFERROR(BP83*3600/N83,0) -> 0 | BW83: =Q83*P83 -> 1983
A84: 89 | B84: 46055 | C84: I | D84: =LEFT(E84,2) -> FG | E84: FG.04 | F84: RFG | G84: Tofik | H84: Ajay | I84: Sunil | J84: 100282.4 | K84: =VLOOKUP(J84,'[3]Item List (3)'!A$1:B$110000,2,FALSE) -> D.IR 14537 SPL | M84: =IF((LEFT(J84))="2",$L$2,$J$2) -> IR | O84: =IFERROR(3600/N84,"") | P84: 1 | Q84: 550 | U84: =Q84+S84+T84 -> 550 | V84: 120 | BG84: =SUM(V84:BF84) -> 120 | BH84: =BG84/60 -> 2 | BI84: =IFERROR(BH84-SUM(W84:BF84)/60,0) -> 2 | BJ84: =IFERROR(BI84/BH84*100,0) -> 100 | BK84: =IFERROR(((U84*N84)/(BI84*3600)*100),0) -> 0 | BL84: =IFERROR(((U84-(R84+S84+T84))/U84*100),0) -> 100 | BM84: =IFERROR((((BJ84*BK84*BL84)/1000000)*100),0) -> 0 | BN84: =(W84+AP84+BE84+BF84)/60 -> 0 | BO84: =IFERROR(((BH84-BN84)*3600)/N84,0) -> 0 | BP84: =IFERROR(SUM(W84:BF84)/60-BN84,0) -> 0 | BQ84: =IFERROR(BP84*3600/N84,0) -> 0 | BW84: =Q84*P84 -> 550
A85: 90 | B85: 46055 | C85: II | D85: =LEFT(E85,2) -> FG | E85: FG.04 | F85: FG | G85: Sunil | H85: Vishal | J85: 100282.4 | K85: =VLOOKUP(J85,'[3]Item List (3)'!A$1:B$110000,2,FALSE) -> D.IR 14537 SPL | L85: 251230009 | M85: =IF((LEFT(J85))="2",$L$2,$J$2) -> IR | O85: =IFERROR(3600/N85,"") | P85: 2 | Q85: 550 | U85: =Q85+S86+T86 -> 550 | V85: 120 | AQ85: 60 | BG85: =SUM(V85:BF85) -> 180 | BH85: =BG85/60 -> 3 | BI85: =IFERROR(BH85-SUM(W85:BF85)/60,0) -> 2 | BJ85: =IFERROR(BI85/BH85*100,0) -> 66.666667 | BK85: =IFERROR(((#REF!*N85)/(BI85*3600)*100),0) -> 0 | BL85: =IFERROR(((#REF!-(R85+S85+T85))/#REF!*100),0) -> 0 | BM85: =IFERROR((((BJ85*BK85*BL85)/1000000)*100),0) -> 0 | BN85: =(W85+AP85+BE85+BF85)/60 -> 0 | BO85: =IFERROR(((BH85-BN85)*3600)/N85,0) -> 0 | BP85: =IFERROR(SUM(W85:BF85)/60-BN85,0) -> 1 | BQ85: =IFERROR(BP85*3600/N85,0) -> 0 | BW85: =Q85*P85 -> 1100
A86: 91 | B86: 46055 | C86: II | D86: =LEFT(E86,2) -> FG | E86: FG.04 | F86: Light Cut | G86: Sunil | H86: Vishal | J86: 200299.13 | K86: =VLOOKUP(J86,'[3]Item List (3)'!A$1:B$110000,2,FALSE) -> OR.9913 C | L86: 251123003 | M86: =IF((LEFT(J86))="2",$L$2,$J$2) -> OR | O86: =IFERROR(3600/N86,"") | P86: 1 | Q86: 5986 | U86: =Q86+S87+T87 -> 5986 | V86: 180 | W86: 60 | AQ86: 60 | BG86: =SUM(V86:BF86) -> 300 | BH86: =BG86/60 -> 5 | BI86: =IFERROR(BH86-SUM(W86:BF86)/60,0) -> 3 | BJ86: =IFERROR(BI86/BH86*100,0) -> 60 | BK86: =IFERROR(((U85*N86)/(BI86*3600)*100),0) -> 0 | BL86: =IFERROR(((U85-(R86+S86+T86))/U85*100),0) -> 100 | BM86: =IFERROR((((BJ86*BK86*BL86)/1000000)*100),0) -> 0 | BN86: =(W86+AP86+BE86+BF86)/60 -> 1 | BO86: =IFERROR(((BH86-BN86)*3600)/N86,0) -> 0 | BP86: =IFERROR(SUM(W86:BF86)/60-BN86,0) -> 1 | BQ86: =IFERROR(BP86*3600/N86,0) -> 0 | BW86: =Q86*P86 -> 5986
A87: 92 | B87: 46055 | C87: I | D87: =LEFT(E87,2) -> CG | E87: CG.02 | K87: =VLOOKUP(J87,'[3]Item List (3)'!A$1:B$110000,2,FALSE) -> #N/A | M87: =IF((LEFT(J87))="2",$L$2,$J$2) -> IR | O87: =IFERROR(3600/N87,"") | U87: =Q87+S88+T88 -> 0 | BF87: 480 | BG87: =SUM(V87:BF87) -> 480 | BH87: =BG87/60 -> 8 | BI87: =IFERROR(BH87-SUM(W87:BF87)/60,0) -> 0 | BJ87: =IFERROR(BI87/BH87*100,0) -> 0 | BK87: =IFERROR(((U86*N87)/(BI87*3600)*100),0) -> 0 | BL87: =IFERROR(((U86-(R87+S87+T87))/U86*100),0) -> 100 | BM87: =IFERROR((((BJ87*BK87*BL87)/1000000)*100),0) -> 0 | BN87: =(W86+AP87+BE87+BF87)/60 -> 9 | BO87: =IFERROR(((BH87-BN87)*3600)/N87,0) -> 0 | BP87: =IFERROR(SUM(W87:BF87)/60-BN87,0) -> -1 | BQ87: =IFERROR(BP87*3600/N87,0) -> 0 | BW87: =Q87*P87 -> 0
A88: 93 | B88: 46055 | C88: II | D88: =LEFT(E88,2) -> CG | E88: CG.02 | K88: =VLOOKUP(J88,'[3]Item List (3)'!A$1:B$110000,2,FALSE) -> #N/A | M88: =IF((LEFT(J88))="2",$L$2,$J$2) -> IR | O88: =IFERROR(3600/N88,"") | U88: =Q88+S89+T89 -> 0 | BF88: 480 | BG88: =SUM(V88:BF88) -> 480 | BH88: =BG88/60 -> 8 | BI88: =IFERROR(BH88-SUM(W88:BF88)/60,0) -> 0 | BJ88: =IFERROR(BI88/BH88*100,0) -> 0 | BK88: =IFERROR(((U87*N88)/(BI88*3600)*100),0) -> 0 | BL88: =IFERROR(((U87-(R88+S88+T88))/U87*100),0) -> 0 | BM88: =IFERROR((((BJ88*BK88*BL88)/1000000)*100),0) -> 0 | BN88: =(W88+AP88+BE88+BF88)/60 -> 8 | BO88: =IFERROR(((BH88-BN88)*3600)/N88,0) -> 0 | BP88: =IFERROR(SUM(W88:BF88)/60-BN88,0) -> 0 | BQ88: =IFERROR(BP88*3600/N88,0) -> 0 | BW88: =Q88*P88 -> 0
A89: 94 | B89: 46055 | C89: I | D89: =LEFT(E89,2) -> CG | E89: CG.03 | F89: SFODG | G89: Kalpeshbhai Vasoya | H89: Badriprasad Mali | I89: Kishan | J89: 208322.01 | K89: =VLOOKUP(J89,'[3]Item List (3)'!A$1:B$110000,2,FALSE) -> NA/RNA.OR 49/32 | L89: 260101002 | M89: =IF((LEFT(J89))="2",$L$2,$J$2) -> OR | O89: =IFERROR(3600/N89,"") | P89: 1 | Q89: 2531 | U89: =Q89+S89+T89 -> 2531 | V89: 150 | AQ89: 60 | BG89: =SUM(V89:BF89) -> 210 | BH89: =BG89/60 -> 3.5 | BI89: =IFERROR(BH89-SUM(W89:BF89)/60,0) -> 2.5 | BJ89: =IFERROR(BI89/BH89*100,0) -> 71.428571 | BK89: =IFERROR(((U89*N89)/(BI89*3600)*100),0) -> 0 | BL89: =IFERROR(((U89-(R89+S89+T89))/U89*100),0) -> 100 | BM89: =IFERROR((((BJ89*BK89*BL89)/1000000)*100),0) -> 0 | BN89: =(W89+AP89+BE89+BF89)/60 -> 0 | BO89: =IFERROR(((BH89-BN89)*3600)/N89,0) -> 0 | BP89: =IFERROR(SUM(W89:BF89)/60-BN89,0) -> 1 | BQ89: =IFERROR(BP89*3600/N89,0) -> 0 | BW89: =Q89*P89 -> 2531
A90: 95 | B90: 46055 | C90: I | D90: =LEFT(E90,2) -> CG | E90: CG.03 | F90: FODG | G90: Kalpeshbhai Vasoya | H90: Badriprasad Mali | I90: Kishan | J90: 200299.13 | K90: =VLOOKUP(J90,'[3]Item List (3)'!A$1:B$110000,2,FALSE) -> OR.9913 C | M90: =IF((LEFT(J90))="2",$L$2,$J$2) -> OR | O90: =IFERROR(3600/N90,"") | P90: 1 | Q90: 3000 | U90: =Q90+S90+T90 -> 3000 | V90: 120 | W90: 120 | BC90: 30 | BG90: =SUM(V90:BF90) -> 270 | BH90: =BG90/60 -> 4.5 | BI90: =IFERROR(BH90-SUM(W90:BF90)/60,0) -> 2 | BJ90: =IFERROR(BI90/BH90*100,0) -> 44.444444 | BK90: =IFERROR(((U90*N90)/(BI90*3600)*100),0) -> 0 | BL90: =IFERROR(((U90-(R90+S90+T90))/U90*100),0) -> 100 | BM90: =IFERROR((((BJ90*BK90*BL90)/1000000)*100),0) -> 0 | BN90: =(W90+AP90+BE90+BF90)/60 -> 2 | BO90: =IFERROR(((BH90-BN90)*3600)/N90,0) -> 0 | BP90: =IFERROR(SUM(W90:BF90)/60-BN90,0) -> 0.5 | BQ90: =IFERROR(BP90*3600/N90,0) -> 0 | BW90: =Q90*P90 -> 3000
A91: 96 | B91: 46055 | C91: II | D91: =LEFT(E91,2) -> CG | E91: CG.03 | F91: FODG | G91: Gankesh | H91: Badriprasad Mali | I91: Pradip | J91: 200299.13 | K91: =VLOOKUP(J91,'[3]Item List (3)'!A$1:B$110000,2,FALSE) -> OR.9913 C | M91: =IF((LEFT(J91))="2",$L$2,$J$2) -> OR | O91: =IFERROR(3600/N91,"") | P91: 1 | Q91: 2986 | U91: =Q91+S91+T91 -> 2986 | V91: 60 | BG91: =SUM(V91:BF91) -> 60 | BH91: =BG91/60 -> 1 | BI91: =IFERROR(BH91-SUM(W91:BF91)/60,0) -> 1 | BJ91: =IFERROR(BI91/BH91*100,0) -> 100 | BK91: =IFERROR(((U91*N91)/(BI91*3600)*100),0) -> 0 | BL91: =IFERROR(((U91-(R91+S91+T91))/U91*100),0) -> 100 | BM91: =IFERROR((((BJ91*BK91*BL91)/1000000)*100),0) -> 0 | BN91: =(W91+AP91+BE91+BF91)/60 -> 0 | BO91: =IFERROR(((BH91-BN91)*3600)/N91,0) -> 0 | BP91: =IFERROR(SUM(W91:BF91)/60-BN91,0) -> 0 | BQ91: =IFERROR(BP91*3600/N91,0) -> 0 | BW91: =Q91*P91 -> 2986
A92: 97 | B92: 46055 | C92: II | D92: =LEFT(E92,2) -> CG | E92: CG.03 | F92: SFODG | G92: Gankesh | H92: Badriprasad Mali | I92: Pradip | J92: 104246 | K92: =VLOOKUP(J92,'[3]Item List (3)'!A$1:B$110000,2,FALSE) -> IN. 208 | M92: =IF((LEFT(J92))="2",$L$2,$J$2) -> IR | O92: =IFERROR(3600/N92,"") | P92: 3 | Q92: 1024 | U92: =Q92+S92+T92 -> 1024 | V92: 90 | W92: 180 | AQ92: 30 | AR92: 120 | BG92: =SUM(V92:BF92) -> 420 | BH92: =BG92/60 -> 7 | BI92: =IFERROR(BH92-SUM(W92:BF92)/60,0) -> 1.5 | BJ92: =IFERROR(BI92/BH92*100,0) -> 21.428571 | BK92: =IFERROR(((U92*N92)/(BI92*3600)*100),0) -> 0 | BL92: =IFERROR(((U92-(R92+S92+T92))/U92*100),0) -> 100 | BM92: =IFERROR((((BJ92*BK92*BL92)/1000000)*100),0) -> 0 | BN92: =(W92+AP92+BE92+BF92)/60 -> 3 | BO92: =IFERROR(((BH92-BN92)*3600)/N92,0) -> 0 | BP92: =IFERROR(SUM(W92:BF92)/60-BN92,0) -> 2.5 | BQ92: =IFERROR(BP92*3600/N92,0) -> 0 | BW92: =Q92*P92 -> 3072
A93: 98 | B93: 46055 | C93: I | D93: =LEFT(E93,2) -> CG | E93: CG.04 | K93: =VLOOKUP(J93,'[3]Item List (3)'!A$1:B$110000,2,FALSE) -> #N/A | M93: =IF((LEFT(J93))="2",$L$2,$J$2) -> IR | O93: =IFERROR(3600/N93,"") | U93: =Q93+S93+T93 -> 0 | AX93: 480 | BG93: =SUM(V93:BF93) -> 480 | BH93: =BG93/60 -> 8 | BI93: =IFERROR(BH93-SUM(W93:BF93)/60,0) -> 0 | BJ93: =IFERROR(BI93/BH93*100,0) -> 0 | BK93: =IFERROR(((U93*N93)/(BI93*3600)*100),0) -> 0 | BL93: =IFERROR(((U93-(R93+S93+T93))/U93*100),0) -> 0 | BM93: =IFERROR((((BJ93*BK93*BL93)/1000000)*100),0) -> 0 | BN93: =(W93+AP93+BE93+BF93)/60 -> 0 | BO93: =IFERROR(((BH93-BN93)*3600)/N93,0) -> 0 | BP93: =IFERROR(SUM(W93:BF93)/60-BN93,0) -> 8 | BQ93: =IFERROR(BP93*3600/N93,0) -> 0 | BW93: =Q93*P93 -> 0
A94: 99 | B94: 46055 | C94: II | D94: =LEFT(E94,2) -> CG | E94: CG.04 | K94: =VLOOKUP(J94,'[3]Item List (3)'!A$1:B$110000,2,FALSE) -> #N/A | M94: =IF((LEFT(J94))="2",$L$2,$J$2) -> IR | O94: =IFERROR(3600/N94,"") | U94: =Q94+S94+T94 -> 0 | AX94: 480 | BG94: =SUM(V94:BF94) -> 480 | BH94: =BG94/60 -> 8 | BI94: =IFERROR(BH94-SUM(W94:BF94)/60,0) -> 0 | BJ94: =IFERROR(BI94/BH94*100,0) -> 0 | BK94: =IFERROR(((U94*N94)/(BI94*3600)*100),0) -> 0 | BL94: =IFERROR(((U94-(R94+S94+T94))/U94*100),0) -> 0 | BM94: =IFERROR((((BJ94*BK94*BL94)/1000000)*100),0) -> 0 | BN94: =(W94+AP94+BE94+BF94)/60 -> 0 | BO94: =IFERROR(((BH94-BN94)*3600)/N94,0) -> 0 | BP94: =IFERROR(SUM(W94:BF94)/60-BN94,0) -> 8 | BQ94: =IFERROR(BP94*3600/N94,0) -> 0 | BW94: =Q94*P94 -> 0
A95: 100 | B95: 46055 | C95: I | D95: =LEFT(E95,2) -> CG | E95: CG.09 | K95: =VLOOKUP(J95,'[3]Item List (3)'!A$1:B$110000,2,FALSE) -> #N/A | M95: =IF((LEFT(J95))="2",$L$2,$J$2) -> IR | O95: =IFERROR(3600/N95,"") | U95: =Q95+S95+T95 -> 0 | BG95: =SUM(V95:BF95) -> 0 | BH95: =BG95/60 -> 0 | BI95: =IFERROR(BH95-SUM(W95:BF95)/60,0) -> 0 | BJ95: =IFERROR(BI95/BH95*100,0) -> 0 | BK95: =IFERROR(((U95*N95)/(BI95*3600)*100),0) -> 0 | BL95: =IFERROR(((U95-(R95+S95+T95))/U95*100),0) -> 0 | BM95: =IFERROR((((BJ95*BK95*BL95)/1000000)*100),0) -> 0 | BN95: =(W95+AP95+BE95+BF95)/60 -> 0 | BO95: =IFERROR(((BH95-BN95)*3600)/N95,0) -> 0 | BP95: =IFERROR(SUM(W95:BF95)/60-BN95,0) -> 0 | BQ95: =IFERROR(BP95*3600/N95,0) -> 0 | BW95: =Q95*P95 -> 0
A96: 103 | B96: 46055 | C96: II | D96: =LEFT(E96,2) -> CG | E96: CG.09 | K96: =VLOOKUP(J96,'[3]Item List (3)'!A$1:B$110000,2,FALSE) -> #N/A | M96: =IF((LEFT(J96))="2",$L$2,$J$2) -> IR | O96: =IFERROR(3600/N96,"") | U96: =Q96+S96+T96 -> 0 | BG96: =SUM(V96:BF96) -> 0 | BH96: =BG96/60 -> 0 | BI96: =IFERROR(BH96-SUM(W96:BF96)/60,0) -> 0 | BJ96: =IFERROR(BI96/BH96*100,0) -> 0 | BK96: =IFERROR(((U96*N96)/(BI96*3600)*100),0) -> 0 | BL96: =IFERROR(((U96-(R96+S96+T96))/U96*100),0) -> 0 | BM96: =IFERROR((((BJ96*BK96*BL96)/1000000)*100),0) -> 0 | BN96: =(W96+AP96+BE96+BF96)/60 -> 0 | BO96: =IFERROR(((BH96-BN96)*3600)/N96,0) -> 0 | BP96: =IFERROR(SUM(W96:BF96)/60-BN96,0) -> 0 | BQ96: =IFERROR(BP96*3600/N96,0) -> 0 | BW96: =Q96*P96 -> 0
A97: 104 | B97: 46055 | C97: I | D97: =LEFT(E97,2) -> EG | E97: EG.02 | K97: =VLOOKUP(J97,'[3]Item List (3)'!A$1:B$110000,2,FALSE) -> #N/A | M97: =IF((LEFT(J97))="2",$L$2,$J$2) -> IR | O97: =IFERROR(3600/N97,"") | U97: =Q97+S97+T97 -> 0 | BG97: =SUM(V97:BF97) -> 0 | BH97: =BG97/60 -> 0 | BI97: =IFERROR(BH97-SUM(W97:BF97)/60,0) -> 0 | BJ97: =IFERROR(BI97/BH97*100,0) -> 0 | BK97: =IFERROR(((U97*N97)/(BI97*3600)*100),0) -> 0 | BL97: =IFERROR(((U97-(R97+S97+T97))/U97*100),0) -> 0 | BM97: =IFERROR((((BJ97*BK97*BL97)/1000000)*100),0) -> 0 | BN97: =(W97+AP97+BE97+BF97)/60 -> 0 | BO97: =IFERROR(((BH97-BN97)*3600)/N97,0) -> 0 | BP97: =IFERROR(SUM(W97:BF97)/60-BN97,0) -> 0 | BQ97: =IFERROR(BP97*3600/N97,0) -> 0 | BW97: =Q97*P97 -> 0
A98: 107 | B98: 46055 | C98: II | D98: =LEFT(E98,2) -> EG | E98: EG.02 | K98: =VLOOKUP(J98,'[3]Item List (3)'!A$1:B$110000,2,FALSE) -> #N/A | M98: =IF((LEFT(J98))="2",$L$2,$J$2) -> IR | O98: =IFERROR(3600/N98,"") | U98: =Q98+S98+T98 -> 0 | BF98: 480 | BG98: =SUM(V98:BF98) -> 480 | BH98: =BG98/60 -> 8 | BI98: =IFERROR(BH98-SUM(W98:BF98)/60,0) -> 0 | BJ98: =IFERROR(BI98/BH98*100,0) -> 0 | BK98: =IFERROR(((U98*N98)/(BI98*3600)*100),0) -> 0 | BL98: =IFERROR(((U98-(R98+S98+T98))/U98*100),0) -> 0 | BM98: =IFERROR((((BJ98*BK98*BL98)/1000000)*100),0) -> 0 | BN98: =(W98+AP98+BE98+BF98)/60 -> 8 | BO98: =IFERROR(((BH98-BN98)*3600)/N98,0) -> 0 | BP98: =IFERROR(SUM(W98:BF98)/60-BN98,0) -> 0 | BQ98: =IFERROR(BP98*3600/N98,0) -> 0 | BW98: =Q98*P98 -> 0
A99: 108 | B99: 46055 | C99: I | D99: =LEFT(E99,2) -> EG | E99: EG.04 | F99: CODG | G99: Shrawan Matho | J99: 203103 | K99: =VLOOKUP(J99,'[3]Item List (3)'!A$1:B$110000,2,FALSE) -> #N/A | M99: =IF((LEFT(J99))="2",$L$2,$J$2) -> OR | N99: 45 | O99: =IFERROR(3600/N99,"") -> 80 | P99: 1 | Q99: 155 | U99: =Q99+S99+T99 -> 155 | V99: 230 | AR99: 240 | BE99: 10 | BG99: =SUM(V99:BF99) -> 480 | BH99: =BG99/60 -> 8 | BI99: =IFERROR(BH99-SUM(W99:BF99)/60,0) -> 3.8333333 | BJ99: =IFERROR(BI99/BH99*100,0) -> 47.916667 | BK99: =IFERROR(((U99*N99)/(BI99*3600)*100),0) -> 50.543478 | BL99: =IFERROR(((U99-(R99+S99+T99))/U99*100),0) -> 100 | BM99: =IFERROR((((BJ99*BK99*BL99)/1000000)*100),0) -> 24.21875 | BN99: =(W99+AP99+BE99+BF99)/60 -> 0.16666667 | BO99: =IFERROR(((BH99-BN99)*3600)/N99,0) -> 626.66667 | BP99: =IFERROR(SUM(W99:BF99)/60-BN99,0) -> 4 | BQ99: =IFERROR(BP99*3600/N99,0) -> 320 | BW99: =Q99*P99 -> 155
A100: 109 | B100: 46055 | C100: II | D100: =LEFT(E100,2) -> EG | E100: EG.04 | F100: TG | G100: Pankajbhai Khasiya | H100: Rutvik | J100: 601171 | K100: =VLOOKUP(J100,'[3]Item List (3)'!A$1:B$110000,2,FALSE) -> #N/A | L100: 250101011 | M100: =IF((LEFT(J100))="2",$L$2,$J$2) -> IR | N100: 45 | O100: =IFERROR(3600/N100,"") -> 80 | P100: 1 | Q100: 330 | U100: =Q100+S100+T100 -> 330 | V100: 300 | W100: 120 | AR100: 60 | BG100: =SUM(V100:BF100) -> 480 | BH100: =BG100/60 -> 8 | BI100: =IFERROR(BH100-SUM(W100:BF100)/60,0) -> 5 | BJ100: =IFERROR(BI100/BH100*100,0) -> 62.5 | BK100: =IFERROR(((U100*N100)/(BI100*3600)*100),0) -> 82.5 | BL100: =IFERROR(((U100-(R100+S100+T100))/U100*100),0) -> 100 | BM100: =IFERROR((((BJ100*BK100*BL100)/1000000)*100),0) -> 51.5625 | BN100: =(W100+AP100+BE100+BF100)/60 -> 2 | BO100: =IFERROR(((BH100-BN100)*3600)/N100,0) -> 480 | BP100: =IFERROR(SUM(W100:BF100)/60-BN100,0) -> 1 | BQ100: =IFERROR(BP100*3600/N100,0) -> 80 | BR100: 1 | BT100: 1 | BU100: 1 | BW100: =Q100*P100 -> 330
...

Sheet Cp - Cpk
A10: Cp_Cpk Summary Sheet
A11: Machine | B11: 46054 | C11: 46055 | D11: 46056 | E11: 46057 | F11: 46058 | G11: 46059 | H11: 46060 | I11: 46061 | J11: 46062 | K11: 46063 | L11: 46064 | M11: 46065 | N11: 46066 | O11: 46067 | P11: 46068 | Q11: 46069 | R11: 46070 | S11: 46071 | T11: 46072 | U11: 46073 | V11: 46074 | W11: 46075 | X11: 46076 | Y11: 46077 | Z11: 46078 | AA11: 46079 | AB11: 46080 | AC11: 46081 | AD11: {=AVERAGE() | AG11: {=AVERAGE()
A12: IG.01 | P12: 1.59 | AC12: 1.53 | AD12: =AVERAGE(B12:AC12) -> 1.56
A13: IG.04 | F13: 1.17 | O13: 0.99 | AD13: =AVERAGE(B13:AC13) -> 1.08
A14: IG.11 | D14: 1.15 | E14: 2.29 | H14: 1.2 | Q14: 1.16 | AD14: =AVERAGE(B14:AC14) -> 1.45
A15: IG.12 | N15: 0.42 | AD15: =AVERAGE(B15:AC15) -> 0.42
A16: IG.13 | AD16: =AVERAGE(B16:AC16) -> #DIV/0!
A17: IG.14 | AD17: =AVERAGE(B17:AC17) -> #DIV/0!
A18: IG.15 | C18: 1.24 | H18: 1.18 | R18: 1.43 | Y18: 1.11 | AD18: =AVERAGE(B18:AC18) -> 1.24
A19: IG.16 | I19: 1.01 | R19: 1.51 | AD19: =AVERAGE(B19:AC19) -> 1.26
A20: IG.17 | F20: 1.02 | Y20: 1.13 | AD20: =AVERAGE(B20:AC20) -> 1.075
A21: IG.18 | D21: 1.52 | I21: 1.26 | R21: 1.2 | AD21: =AVERAGE(B21:AC21) -> 1.3266667

Sheet BOM
A1: Item Code | B1: Item Name
A2: c | B2: BR 2800 (F)
A3: 1.05 | B3: BR CLIPS 2800 (F)
A4: 1.06 | B4: NCG 2800 (F)
A5: 1.1 | B5: BR 2800 (TCG) (F)
A6: 10 | B6: BR 282423XC (F)
A7: 100 | B7: BR 3017(26) (F)
A8: 100.02 | B8: IR BR 3017(26) (F)
A9: 100.05 | B9: BR CLIPS 3017(26) (F)
A10: 100.15 | B10: BR 3017(26) I.D.P (F)
A11: 100006 | B11: SHAFT10X74 (G)
A12: 100007 | B12: SHAFT10X42 (G)
A13: 100009 | B13: SHAFT 6X21.8 (P)
A14: 100040.01 | B14: IR.MBT2830EGL (G)
... A86: 1009 | B86: 001 0930041746(4920084) (F)
A87: 100930 | B87: 220315004
A88: 100931 | B88: G.IR 1103 KRRB (T)
A89: 100932 | B89: G.IR 1107 KRRB (G)
A90: 100933 | B90: G.IR 1115 KRRB (T)
A91: 100934 | B91: G.IR 1203 KRRB (G)
A92: 100935 | B92: UC.IR 211 (T)
A93: 100937 | B93: UC.IR 211_60X110 (G)
A94: 100946.03 | B94: IR.IR 28X32X17 (T)
A95: 1010 | B95: 0020 940042650(4910203) (F)
A96: 101001 | B96: MCFR.STADE 90 S (P)
A97: 101001.01 | B97: MFCR.WASHER 90 S (T)
A98: 101003.31 | B98: 85MM LENGTH LINK (G)
A99: 101003.32 | B99: 98MM LENGTH LINK (T)
... A1884: 1421002 | B1884: PIN 7PG16L
A1885: 1421003 | B1885: 4920892
A1886: 1421003 | B1886: 4920893
A1887: 1421003 | B1887: 4920894
A1888: 1421003 | B1888: 4920897 WASHER
A1889: 1421003.2 | B1889: 4920893 SPL
A1890: 1421003.3 | B1890: 245GOSP SCISSORASSLY mate
A1891: 1421003.3 | B1891: 491306 LINK
A1892: 1421003.3 | B1892: Simens circlip
A1893: 1421004 | B1893: 940041770 material
A1894: 1421007 | B1894: 940041790 material
A1895: 1421008 | B1895: 940041795 material
A1896: 1421008 | B1896: 940041795 material
A1897: 1421008 | B1897: 940041795(T-400-3045)
A1898: 1421009 | B1898: 930041746 material
A1899: 1421010 | B1899: 940042650 material
... A1904: 1421013 | B1904: 940041546/MAC material
A1905: 1421013 | B1905: 940041599
A1906: 1421014 | B1906: 940041767 material
A1907: 1421015 | B1907: 940041768 maerial
A1908: 1421016 | B1908: 940041600 material
A1909: 1421017 | B1909: 940041426 material
A1910: 1421018 | B1910: 940041427 L.P(93)materiaL
A1911: 1421019 | B1911: 940041770 L.PAWL(75.6)MAT
A1912: 1421021 | B1912: 940041109 material
A1913: 1421022 | B1913: 920031009 material
A1914: 1421024 | B1914: 940041350 material
A1915: 1421028 | B1915: 940041680 material
A1916: 1421029 | B1916: 940041847 material
A1917: 1421030 | B1917: 940041848 material
... A1963: 1421058 | B1963: 940041568 MATERIAL
A1964: 1421058 | B1964: 940041646
A1965: 1421061.1 | B1965: 5305 2RS MATERIAL
A1966: 1421206 | B1966: 6907 ZZ MATERIAL (G)
A1967: 1421207 | B1967: 6908 ZZ MATERIAL (G)
A1968: 1421208 | B1968: 30209 MATERIAL
A1969: 1421351.1 | B1969: 6010 ZZ MATERIAL
A1970: 1421351.1 | B1970: 6013 ZZ MATERIAL
A1971: 1421351.1 | B1971: 6014 ZZ MATERIAL
A1972: 1421351.1 | B1972: 6015 ZZ MATERIAL
A1973: 1421415 | B1973: AS 2643 material
A1974: 1421460 | B1974: R 460 material
A1975: 1421605 | B1975: NJ 307 MATERIAL
A1976: 1421807 | B1976: NK 12/16 MATERIAL
... A7588: 99999 | B7588: NYLON RADILON A BF 990 GY (F)
A7589: Siemens | B7589: HFL 2026
A7590: Siemens | B7590: NATV 10 PPX
A7591: Siemens | B7591: NATV 15PPX
A7592: Siemens | B7592: NUTR 14000
A7593: Siemens | B7593: BK 0509
A7594: Siemens | B7594: BK 0609
A7595: Siemens | B7595: BK 0810
A7596: Siemens | B7596: BK 1612
A7597: 101152
A7598: 100965.33 | B7598: =VLOOKUP(A7598,'[1]Item List'!$A$2:$B$20000,2,FALSE) -> SHAF 5.0 X 21.00
A7599: 201061.2 | B7599: =VLOOKUP(A7599,'[1]Item List'!$A$2:$B$20000,2,FALSE) -> OR.5205 A-25
A7600: 201061.3 | B7600: =VLOOKUP(A7600,'[1]Item List'!$A$2:$B$9014,2,FALSE) -> OR.5204 A-20° (G)
A7601: 101061.2 | B7601: =VLOOKUP(A7601,'[1]Item List'!$A$2:$B$20000,2,FALSE) -> IR. 5205 A-25'
A7602: 100965.34 | B7602: =VLOOKUP(A7602,'[1]Item List'!$A$2:$B$20000,2,FALSE) -> SHAFT 6.0 X47.00
A7603: 101049.05 | B7603: =VLOOKUP(A7603,'[1]Item List'!$A$2:$B$20000,2,FALSE) -> NUTR.IR 1747 X
A7604: 101069 | B7604: =VLOOKUP(A7604,'[1]Item List'!$A$2:$B$20000,2,FALSE) -> IR.215514-2RS
A7605: 101104.7 | B7605: IR.S204D1
A7606: 100299.28 | B7606: IR 9938
A7607: 201104.7 | B7607: OR. 5204D1
A7608: 104246 | B7608: IN. 208
A7609: 104249 | B7609: IW. BDA-4003
A7610: 201049.11 | B7610: NUTR. OR 1542X
A7611: 201109.5 | B7611: OR. 3209
A7612: 104337 | B7612: NA/RNA. IR. 6913
A7613: 201125.5 | B7613: OR. 3311
A7614: 101132 | B7614: IR. 7203
A7615: 201142 | B7615: OR.7212
...

Sheet Backend Data for KPI
A6: Production Planning And Achievement Summary Sheet Day Wise Jan-2025 | G6: Downtime & Loss Qty.
A7: M/c2 | B7: Sum of M/C Plan Qty. | C7: Sum of Good | D7: Sum of Rework | E7: Sum of IN Running REJ. | F7: Sum of Total | G7: Sum of Down Time (Hrs) | H7: Sum of Total Loss Qty.
A8: IG.01 | B8: 21782.609 | C8: 17764 | D8: 91 | E8: 227 | F8: 18038 | G8: 52.916667 | H8: 3273.913
A9: IG.04 | B9: 14392.381 | C9: 6935 | D9: 631 | E9: 311 | F9: 7270 | G9: 59.333333 | H9: 4771.4286
A10: IG.12 | B10: 0 | F10: 0 | G10: 24 | H10: 0
A11: IG.13 | B11: 10663 | C11: 6216 | D11: 299 | E11: 59 | F11: 6272 | G11: 35 | H11: 2697.6667
A12: IG.14 | B12: 19332 | C12: 14735 | D12: 214 | E12: 75 | F12: 14841 | G12: 48.166667 | H12: 2634
A13: IG.15 | B13: 20424 | C13: 13003 | D13: 1092 | E13: 462 | F13: 13829 | G13: 16 | H13: 2064
A14: IG.16 | B14: 19512 | C14: 15800 | D14: 72 | E14: 210 | F14: 16017 | G14: 12.416667 | H14: 1469
A15: IG.17 | B15: 2373.3333 | C15: 1018 | D15: 64 | E15: 4 | F15: 1022 | G15: 106.08333 | H15: 913.33333
A16: IG.18 | B16: 17660 | C16: 10500 | D16: 388 | E16: 309 | F16: 10809 | G16: 37.083333 | H16: 4450
A17: IG.11 | B17: 12843.447 | C17: 7188 | D17: 399 | E17: 374 | F17: 7569 | G17: 51.75 | H17: 2779.5963
A18: IG.19 | B18: 940 | C18: 314 | D18: 52 | E18: 10 | F18: 325 | G18: 91.25 | H18: 450
A19: IG.20 | B19: 6580 | C19: 2487 | D19: 145 | E19: 57 | F19: 2557 | G19: 71.333333 | H19: 2800
A20: Grand Total | B20: 146502.77 | C20: 95960 | D20: 3447 | E20: 2098 | F20: 98549 | G20: 605.33333 | H20: 28302.938
D22: All Data Are In Minute
D23: M/c2 | E23: Sum of RE SETTING,LODING | F23: Sum of Ovality Problem 11Ov | G23: Sum of Taper Problem 11Tp | H23: Sum of Ra Problem 11Ra | I23: Sum of Raadiua Problem 11Rd | J23: Sum of Size variation Problem 11 Sv IPG Pro | K23: Sum of Diamond Turn 11Dt | L23: Sum of Diamond change 11Dc | M23: Sum of Tool Waiting 12 | N23: Sum of Finishing Problem 11Fn | O23: Sum of No Operator 13 | P23: Sum of No Power 24 | Q23: Sum of Mech.Maint.21 | R23: Sum of Elec. Maint. 22 | S23: Sum of Other 27
A24: Ach. % | B24: =GETPIVOTDATA("Sum of Total",$A$7)*100/GETPIVOTDATA("Sum of M/C Plan Qty.",$A$7) -> 67.26767 | D24: IG.01 | E24: 600 | G24: 35 | J24: 30 | K24: 15 | P24: 45 | Q24: 120 | R24: 30
D25: IG.04 | E25: 605 | F25: 20 | G25: 565 | J25: 210 | K25: 30 | L25: 10 | M25: 60 | O25: 770 | P25: 60 | Q25: 20 | R25: 130 | S25: 150
D26: IG.12 | O26: 480
A27: Efficiency Loss % | B27: =B30*100/GETPIVOTDATA("Sum of M/C Plan Qty.",$A$7) -> 13.413284 | D27: IG.13 | E27: 20 | F27: 15 | G27: 105 | K27: 25 | L27: 10 | O27: 1580 | P27: 85 | R27: 10 | S27: 10
D28: IG.14 | O28: 60 | P28: 45 | R28: 145 | S28: 35
D29: IG.15 | E29: 175 | F29: 80 | G29: 95 | J29: 70 | K29: 135 | O29: 60 | P29: 130 | S29: 185
A30: =GETPIVOTDATA("Sum of Total",$A$7)+GETPIVOTDATA("Sum of Total Loss Qty.",$A$7) -> 126851.94 | B30: =GETPIVOTDATA("Sum of M/C Plan Qty.",$A$7)-A30 -> 19650.832 | D30: IG.16 | E30: 40 | G30: 60 | J30: 45 | K30: 100 | L30: 15 | O30: 150 | P30: 130 | S30: 130
A31: Down Time Loss Qty. % | B31: =GETPIVOTDATA("Sum of Total Loss Qty.",$A$7)*100/GETPIVOTDATA("Sum of M/C Plan Qty.",$A$7) -> 19.319046 | D31: IG.17 | K31: 25 | O31: 3960 | P31: 60 | Q31: 1920 | S31: 40
D32: IG.18 | E32: 170 | F32: 40 | G32: 150 | H32: 10 | J32: 160 | K32: 85 | L32: 20 | O32: 1290 | P32: 145 | R32: 15 | S32: 90
D33: IG.11 | E33: 305 | F33: 45 | G33: 75 | J33: 210 | K33: 85 | M33: 30 | O33: 1560 | P33: 115 | Q33: 70 | R33: 10 | S33: 100
D34: IG.19 | E34: 70 | O34: 1890 | R34: 155
D35: IG.20 | E35: 280 | G35: 35 | O35: 3385 | P35: 100
D36: Grand Total | E36: 2265 | F36: 200 | G36: 1120 | H36: 10 | J36: 725 | K36: 500 | L36: 55 | M36: 90 | O36: 15185 | P36: 915 | Q36: 2130 | R36: 495 | S36: 740
B38: =
A41: IG Machine PPM Rew+Rej+TR Average | E41: IG | G41: =AVERAGE(G43:G73) -> 36255.989 | H41: =AVERAGE(H43:H73) -> 21360.911 | I41: =AVERAGE(I43:I73) -> 4612.8144 | K41: EG PPM Rew+Rej+TR Average | O41: EG | Q41: =AVERAGE(Q43:Q73) -> 7637.6717 | R41: =AVERAGE(R43:R73) -> 1939.1249 | S41: =AVERAGE(S43:S73) -> 130.69114 | U41: FG Machine PPM Rew+Rej+TR Average | Y41: FG | AA41: =AVERAGE(AA43:AA73) -> 0 | AB41: =AVERAGE(AB43:AB73) -> 162.06743 | AC41: =AVERAGE(AC43:AC73) -> 4.9775017 | AI41: CG | AK41: =AVERAGE(AK43:AK73) -> #DIV/0! | AL41: =AVERAGE(AL43:AL73) -> #DIV/0! | AM41: =AVERAGE(AM43:AM73) -> #DIV/0!
A42: Date | B42: Good | C42: Rework | D42: IN Running REJ. | E42: T.R | F42: Total Qty. | G42: Rework PPM | H42: Rej PPM | I42: TR PPM | K42: Date | L42: Good | M42: Rework | N42: IN Running REJ. | O42: T.R | P42: Total Qty. | Q42: Rework PPM | R42: Rej PPM | S42: TR PPM | U42: Date | V42: Good | W42: Rework | X42: IN Running REJ. | Y42: T.R | Z42: Total Qty. | AA42: Rework PPM | AB42: Rej PPM | AC42: TR PPM
A43: (blank) | B43: =SUMIFS('PD REPORT'!$Q$7:$Q$2070,'PD REPORT'!$D$7:$D$2070,$E$41,'PD REPORT'!$B$7:$B$2070,A43) -> 0 | C43: =SUMIFS('PD REPORT'!$R$7:$R$2070,'PD REPORT'!$D$7:$D$2070,$E$41,'PD REPORT'!$B$7:$B$2070,A43) -> 0 | D43: =SUMIFS('PD REPORT'!$S$7:$S$2070,'PD REPORT'!$D$7:$D$2070,$E$41,'PD REPORT'!$B$7:$B$2070,A43) -> 0 | E43: =SUMIFS('PD REPORT'!$T$7:$T$2070,'PD REPORT'!$D$7:$D$2070,$E$41,'PD REPORT'!$B$7:$B$2070,A43) -> 0 | F43: =SUM(B43:E43) -> 0 | G43: =IFERROR((C43/F43)*1000000,"") | H43: =IFERROR((D43/F43)*1000000,"") | I43: =IFERROR((E43/F43)*1000000,"") | K43: (blank) | L43: =SUMIFS('PD REPORT'!$Q$7:$Q$2070,'PD REPORT'!$D$7:$D$2070,$O$41,'PD REPORT'!$B$7:$B$2070,K43) -> 0 | M43: =SUMIFS('PD REPORT'!$R$7:$R$2070,'PD REPORT'!$D$7:$D$2070,$O$41,'PD REPORT'!$B$7:$B$2070,K43) -> 0 | N43: =SUMIFS('PD REPORT'!$S$7:$S$2070,'PD REPORT'!$D$7:$D$2070,$O$41,'PD REPORT'!$B$7:$B$2070,K43) -> 0 | O43: =SUMIFS('PD REPORT'!$T$7:$T$2070,'PD REPORT'!$D$7:$D$2070,$O$41,'PD REPORT'!$B$7:$B$2070,K43) -> 0 | P43: =SUM(L43:O43) -> 0 | Q43: =IFERROR((M43/P43)*1000000,"") | R43: =IFERROR((N43/P43)*1000000,"") | S43: =IFERROR((O43/P43)*1000000,"") | U43: (blank) | AE43: 46023 | AF43: =SUMIFS('PD REPORT'!$Q$7:$Q$2070,'PD REPORT'!$D$7:$D$2070,$AI$41,'PD REPORT'!$B$7:$B$2070,AE43) -> 0 | AG43: =SUMIFS('PD REPORT'!$R$7:$R$2070,'PD REPORT'!$D$7:$D$2070,$AI$41,'PD REPORT'!$B$7:$B$2070,AE43) -> 0 | AH43: =SUMIFS('PD REPORT'!$S$7:$S$2070,'PD REPORT'!$D$7:$D$2070,$AI$41,'PD REPORT'!$B$7:$B$2070,AE43) -> 0 | AI43: =SUMIFS('PD REPORT'!$T$7:$T$2070,'PD REPORT'!$D$7:$D$2070,$AI$41,'PD REPORT'!$B$7:$B$2070,AE43) -> 0 | AJ43: =SUM(AF43:AI43) -> 0 | AK43: =IFERROR((AG43/AJ43)*1000000,"") | AL43: =IFERROR((AH43/AJ43)*1000000,"") | AM43: =IFERROR((AI43/AJ43)*1000000,"")
A44: 46054 | B44: =SUMIFS('PD REPORT'!$Q$7:$Q$2070,'PD REPORT'!$D$7:$D$2070,$E$41,'PD REPORT'!$B$7:$B$2070,A44) -> 6199 | C44: =SUMIFS('PD REPORT'!$R$7:$R$2070,'PD REPORT'!$D$7:$D$2070,$E$41,'PD REPORT'!$B$7:$B$2070,A44) -> 484 | D44: =SUMIFS('PD REPORT'!$S$7:$S$2070,'PD REPORT'!$D$7:$D$2070,$E$41,'PD REPORT'!$B$7:$B$2070,A44) -> 231 | E44: =SUMIFS('PD REPORT'!$T$7:$T$2070,'PD REPORT'!$D$7:$D$2070,$E$41,'PD REPORT'!$B$7:$B$2070,A44) -> 28 | F44: =SUM(B44:E44) -> 6942 | G44: =IFERROR((C44/F44)*1000000,"") -> 69720.542 | H44: =IFERROR((D44/F44)*1000000,"") -> 33275.713 | I44: =IFERROR((E44/F44)*1000000,"") -> 4033.4198 | K44: 46054 | L44: =SUMIFS('PD REPORT'!$Q$7:$Q$2070,'PD REPORT'!$D$7:$D$2070,$O$41,'PD REPORT'!$B$7:$B$2070,K44) -> 2134 | M44: =SUMIFS('PD REPORT'!$R$7:$R$2070,'PD REPORT'!$D$7:$D$2070,$O$41,'PD REPORT'!$B$7:$B$2070,K44) -> 39 | N44: =SUMIFS('PD REPORT'!$S$7:$S$2070,'PD REPORT'!$D$7:$D$2070,$O$41,'PD REPORT'!$B$7:$B$2070,K44) -> 12 | O44: =SUMIFS('PD REPORT'!$T$7:$T$2070,'PD REPORT'!$D$7:$D$2070,$O$41,'PD REPORT'!$B$7:$B$2070,K44) -> 0 | P44: =SUM(L44:O44) -> 2185 | Q44: =IFERROR((M44/P44)*1000000,"") -> 17848.97 | R44: =IFERROR((N44/P44)*1000000,"") -> 5491.9908 | S44: =IFERROR((O44/P44)*1000000,"") -> 0 | U44: 46054 | V44: =SUMIFS('PD REPORT'!$Q$7:$Q$2070,'PD REPORT'!$D$7:$D$2070,$Y$41,'PD REPORT'!$B$7:$B$2070,U44) -> 13852 | W44: =SUMIFS('PD REPORT'!$R$7:$R$2070,'PD REPORT'!$D$7:$D$2070,$Y$41,'PD REPORT'!$B$7:$B$2070,U44) -> 0 | X44: =SUMIFS('PD REPORT'!$S$7:$S$2070,'PD REPORT'!$D$7:$D$2070,$Y$41,'PD REPORT'!$B$7:$B$2070,U44) -> 5 | Y44: =SUMIFS('PD REPORT'!$T$7:$T$2070,'PD REPORT'!$D$7:$D$2070,$Y$41,'PD REPORT'!$B$7:$B$2070,U44) -> 0 | Z44: =SUM(V44:Y44) -> 13857 | AA44: =IFERROR((W44/Z44)*1000000,"") -> 0 | AB44: =IFERROR((X44/Z44)*1000000,"") -> 360.82846 | AC44: =IFERROR((Y44/Z44)*1000000,"") -> 0 | AE44: 46024 | AF44: =SUMIFS('PD REPORT'!$Q$7:$Q$2070,'PD REPORT'!$D$7:$D$2070,$AI$41,'PD REPORT'!$B$7:$B$2070,AE44) -> 0 | AG44: =SUMIFS('PD REPORT'!$R$7:$R$2070,'PD REPORT'!$D$7:$D$2070,$AI$41,'PD REPORT'!$B$7:$B$2070,AE44) -> 0 | AH44: =SUMIFS('PD REPORT'!$S$7:$S$2070,'PD REPORT'!$D$7:$D$2070,$AI$41,'PD REPORT'!$B$7:$B$2070,AE44) -> 0 | AI44: =SUMIFS('PD REPORT'!$T$7:$T$2070,'PD REPORT'!$D$7:$D$2070,$AI$41,'PD REPORT'!$B$7:$B$2070,AE44) -> 0 | AJ44: =SUM(AF44:AI44) -> 0 | AK44: =IFERROR((AG44/AJ44)*1000000,"") | AL44: =IFERROR((AH44/AJ44)*1000000,"") | AM44: =IFERROR((AI44/AJ44)*1000000,"")
A45: 46055 | B45: =SUMIFS('PD REPORT'!$Q$7:$Q$2070,'PD REPORT'!$D$7:$D$2070,$E$41,'PD REPORT'!$B$7:$B$2070,A45) -> 8052 | C45: =SUMIFS('PD REPORT'!$R$7:$R$2070,'PD REPORT'!$D$7:$D$2070,$E$41,'PD REPORT'!$B$7:$B$2070,A45) -> 364 | D45: =SUMIFS('PD REPORT'!$S$7:$S$2070,'PD REPORT'!$D$7:$D$2070,$E$41,'PD REPORT'!$B$7:$B$2070,A45) -> 255 | E45: =SUMIFS('PD REPORT'!$T$7:$T$2070,'PD REPORT'!$D$7:$D$2070,$E$41,'PD REPORT'!$B$7:$B$2070,A45) -> 32 | F45: =SUM(B45:E45) -> 8703 | G45: =IFERROR((C45/F45)*1000000,"") -> 41824.658 | H45: =IFERROR((D45/F45)*1000000,"") -> 29300.241 | I45: =IFERROR((E45/F45)*1000000,"") -> 3676.893 | K45: 46055 | L45: =SUMIFS('PD REPORT'!$Q$7:$Q$2070,'PD REPORT'!$D$7:$D$2070,$O$41,'PD REPORT'!$B$7:$B$2070,K45) -> 1612 | M45: =SUMIFS('PD REPORT'!$R$7:$R$2070,'PD REPORT'!$D$7:$D$2070,$O$41,'PD REPORT'!$B$7:$B$2070,K45) -> 21 | N45: =SUMIFS('PD REPORT'!$S$7:$S$2070,'PD REPORT'!$D$7:$D$2070,$O$41,'PD REPORT'!$B$7:$B$2070,K45) -> 1 | O45: =SUMIFS('PD REPORT'!$T$7:$T$2070,'PD REPORT'!$D$7:$D$2070,$O$41,'PD REPORT'!$B$7:$B$2070,K45) -> 0 | P45: =SUM(L45:O45) -> 1634 | Q45: =IFERROR((M45/P45)*1000000,"") -> 12851.897 | R45: =IFERROR((N45/P45)*1000000,"") -> 611.9951 | S45: =IFERROR((O45/P45)*1000000,"") -> 0 | U45: 46055 | V45: =SUMIFS('PD REPORT'!$Q$7:$Q$2070,'PD REPORT'!$D$7:$D$2070,$Y$41,'PD REPORT'!$B$7:$B$2070,U45) -> 13797 | W45: =SUMIFS('PD REPORT'!$R$7:$R$2070,'PD REPORT'!$D$7:$D$2070,$Y$41,'PD REPORT'!$B$7:$B$2070,U45) -> 0 | X45: =SUMIFS('PD REPORT'!$S$7:$S$2070,'PD REPORT'!$D$7:$D$2070,$Y$41,'PD REPORT'!$B$7:$B$2070,U45) -> 0 | Y45: =SUMIFS('PD REPORT'!$T$7:$T$2070,'PD REPORT'!$D$7:$D$2070,$Y$41,'PD REPORT'!$B$7:$B$2070,U45) -> 0 | Z45: =SUM(V45:Y45) -> 13797 | AA45: =IFERROR((W45/Z45)*1000000,"") -> 0 | AB45: =IFERROR((X45/Z45)*1000000,"") -> 0 | AC45: =IFERROR((Y45/Z45)*1000000,"") -> 0 | AE45: 46025 | AF45: =SUMIFS('PD REPORT'!$Q$7:$Q$2070,'PD REPORT'!$D$7:$D$2070,$AI$41,'PD REPORT'!$B$7:$B$2070,AE45) -> 0 | AG45: =SUMIFS('PD REPORT'!$R$7:$R$2070,'PD REPORT'!$D$7:$D$2070,$AI$41,'PD REPORT'!$B$7:$B$2070,AE45) -> 0 | AH45: =SUMIFS('PD REPORT'!$S$7:$S$2070,'PD REPORT'!$D$7:$D$2070,$AI$41,'PD REPORT'!$B$7:$B$2070,AE45) -> 0 | AI45: =SUMIFS('PD REPORT'!$T$7:$T$2070,'PD REPORT'!$D$7:$D$2070,$AI$41,'PD REPORT'!$B$7:$B$2070,AE45) -> 0 | AJ45: =SUM(AF45:AI45) -> 0 | AK45: =IFERROR((AG45/AJ45)*1000000,"") | AL45: =IFERROR((AH45/AJ45)*1000000,"") | AM45: =IFERROR((AI45/AJ45)*1000000,"")
A46: 46056 | B46: =SUMIFS('PD REPORT'!$Q$7:$Q$2070,'PD REPORT'!$D$7:$D$2070,$E$41,'PD REPORT'!$B$7:$B$2070,A46) -> 9384 | C46: =SUMIFS('PD REPORT'!$R$7:$R$2070,'PD REPORT'!$D$7:$D$2070,$E$41,'PD REPORT'!$B$7:$B$2070,A46) -> 421 | D46: =SUMIFS('PD REPORT'!$S$7:$S$2070,'PD REPORT'!$D$7:$D$2070,$E$41,'PD REPORT'!$B$7:$B$2070,A46) -> 196 | E46: =SUMIFS('PD REPORT'!$T$7:$T$2070,'PD REPORT'!$D$7:$D$2070,$E$41,'PD REPORT'!$B$7:$B$2070,A46) -> 19 | F46: =SUM(B46:E46) -> 10020 | G46: =IFERROR((C46/F46)*1000000,"") -> 42015.968 | H46: =IFERROR((D46/F46)*1000000,"") -> 19560.878 | I46: =IFERROR((E46/F46)*1000000,"") -> 1896.2076 | K46: 46056 | L46: =SUMIFS('PD REPORT'!$Q$7:$Q$2070,'PD REPORT'!$D$7:$D$2070,$O$41,'PD REPORT'!$B$7:$B$2070,K46) -> 1164 | M46: =SUMIFS('PD REPORT'!$R$7:$R$2070,'PD REPORT'!$D$7:$D$2070,$O$41,'PD REPORT'!$B$7:$B$2070,K46) -> 23 | N46: =SUMIFS('PD REPORT'!$S$7:$S$2070,'PD REPORT'!$D$7:$D$2070,$O$41,'PD REPORT'!$B$7:$B$2070,K46) -> 4 | O46: =SUMIFS('PD REPORT'!$T$7:$T$2070,'PD REPORT'!$D$7:$D$2070,$O$41,'PD REPORT'!$B$7:$B$2070,K46) -> 1 | P46: =SUM(L46:O46) -> 1192 | Q46: =IFERROR((M46/P46)*1000000,"") -> 19295.302 | R46: =IFERROR((N46/P46)*1000000,"") -> 3355.7047 | S46: =IFERROR((O46/P46)*1000000,"") -> 838.92617 | U46: 46056 | V46: =SUMIFS('PD REPORT'!$Q$7:$Q$2070,'PD REPORT'!$D$7:$D$2070,$Y$41,'PD REPORT'!$B$7:$B$2070,U46) -> 24623 | W46: =SUMIFS('PD REPORT'!$R$7:$R$2070,'PD REPORT'!$D$7:$D$2070,$Y$41,'PD REPORT'!$B$7:$B$2070,U46) -> 0 | X46: =SUMIFS('PD REPORT'!$S$7:$S$2070,'PD REPORT'!$D$7:$D$2070,$Y$41,'PD REPORT'!$B$7:$B$2070,U46) -> 2 | Y46: =SUMIFS('PD REPORT'!$T$7:$T$2070,'PD REPORT'!$D$7:$D$2070,$Y$41,'PD REPORT'!$B$7:$B$2070,U46) -> 0 | Z46: =SUM(V46:Y46) -> 24625 | AA46: =IFERROR((W46/Z46)*1000000,"") -> 0 | AB46: =IFERROR((X46/Z46)*1000000,"") -> 81.218274 | AC46: =IFERROR((Y46/Z46)*1000000,"") -> 0 | AE46: 46026 | AF46: =SUMIFS('PD REPORT'!$Q$7:$Q$2070,'PD REPORT'!$D$7:$D$2070,$AI$41,'PD REPORT'!$B$7:$B$2070,AE46) -> 0 | AG46: =SUMIFS('PD REPORT'!$R$7:$R$2070,'PD REPORT'!$D$7:$D$2070,$AI$41,'PD REPORT'!$B$7:$B$2070,AE46) -> 0 | AH46: =SUMIFS('PD REPORT'!$S$7:$S$2070,'PD REPORT'!$D$7:$D$2070,$AI$41,'PD REPORT'!$B$7:$B$2070,AE46) -> 0 | AI46: =SUMIFS('PD REPORT'!$T$7:$T$2070,'PD REPORT'!$D$7:$D$2070,$AI$41,'PD REPORT'!$B$7:$B$2070,AE46) -> 0 | AJ46: =SUM(AF46:AI46) -> 0 | AK46: =IFERROR((AG46/AJ46)*1000000,"") | AL46: =IFERROR((AH46/AJ46)*1000000,"") | AM46: =IFERROR((AI46/AJ46)*1000000,"")
A47: 46057 | B47: =SUMIFS('PD REPORT'!$Q$7:$Q$2070,'PD REPORT'!$D$7:$D$2070,$E$41,'PD REPORT'!$B$7:$B$2070,A47) -> 8186 | C47: =SUMIFS('PD REPORT'!$R$7:$R$2070,'PD REPORT'!$D$7:$D$2070,$E$41,'PD REPORT'!$B$7:$B$2070,A47) -> 380 | D47: =SUMIFS('PD REPORT'!$S$7:$S$2070,'PD REPORT'!$D$7:$D$2070,$E$41,'PD REPORT'!$B$7:$B$2070,A47) -> 177 | E47: =SUMIFS('PD REPORT'!$T$7:$T$2070,'PD REPORT'!$D$7:$D$2070,$E$41,'PD REPORT'!$B$7:$B$2070,A47) -> 7 | F47: =SUM(B47:E47) -> 8750 | G47: =IFERROR((C47/F47)*1000000,"") -> 43428.571 | H47: =IFERROR((D47/F47)*1000000,"") -> 20228.571 | I47: =IFERROR((E47/F47)*1000000,"") -> 800 | K47: 46057 | L47: =SUMIFS('PD REPORT'!$Q$7:$Q$2070,'PD REPORT'!$D$7:$D$2070,$O$41,'PD REPORT'!$B$7:$B$2070,K47) -> 2180 | M47: =SUMIFS('PD REPORT'!$R$7:$R$2070,'PD REPORT'!$D$7:$D$2070,$O$41,'PD REPORT'!$B$7:$B$2070,K47) -> 15 | N47: =SUMIFS('PD REPORT'!$S$7:$S$2070,'PD REPORT'!$D$7:$D$2070,$O$41,'PD REPORT'!$B$7:$B$2070,K47) -> 6 | O47: =SUMIFS('PD REPORT'!$T$7:$T$2070,'PD REPORT'!$D$7:$D$2070,$O$41,'PD REPORT'!$B$7:$B$2070,K47) -> 0 | P47: =SUM(L47:O47) -> 2201 | Q47: =IFERROR((M47/P47)*1000000,"") -> 6815.0841 | R47: =IFERROR((N47/P47)*1000000,"") -> 2726.0336 | S47: =IFERROR((O47/P47)*1000000,"") -> 0 | U47: 46057 | V47: =SUMIFS('PD REPORT'!$Q$7:$Q$2070,'PD REPORT'!$D$7:$D$2070,$Y$41,'PD REPORT'!$B$7:$B$2070,U47) -> 12000 | W47: =SUMIFS('PD REPORT'!$R$7:$R$2070,'PD REPORT'!$D$7:$D$2070,$Y$41,'PD REPORT'!$B$7:$B$2070,U47) -> 0 | X47: =SUMIFS('PD REPORT'!$S$7:$S$2070,'PD REPORT'!$D$7:$D$2070,$Y$41,'PD REPORT'!$B$7:$B$2070,U47) -> 0 | Y47: =SUMIFS('PD REPORT'!$T$7:$T$2070,'PD REPORT'!$D$7:$D$2070,$Y$41,'PD REPORT'!$B$7:$B$2070,U47) -> 0 | Z47: =SUM(V47:Y47) -> 12000 | AA47: =IFERROR((W47/Z47)*1000000,"") -> 0 | AB47: =IFERROR((X47/Z47)*1000000,"") -> 0 | AC47: =IFERROR((Y47/Z47)*1000000,"") -> 0 | AE47: 46027 | AF47: =SUMIFS('PD REPORT'!$Q$7:$Q$2070,'PD REPORT'!$D$7:$D$2070,$AI$41,'PD REPORT'!$B$7:$B$2070,AE47) -> 0 | AG47: =SUMIFS('PD REPORT'!$R$7:$R$2070,'PD REPORT'!$D$7:$D$2070,$AI$41,'PD REPORT'!$B$7:$B$2070,AE47) -> 0 | AH47: =SUMIFS('PD REPORT'!$S$7:$S$2070,'PD REPORT'!$D$7:$D$2070,$AI$41,'PD REPORT'!$B$7:$B$2070,AE47) -> 0 | AI47: =SUMIFS('PD REPORT'!$T$7:$T$2070,'PD REPORT'!$D$7:$D$2070,$AI$41,'PD REPORT'!$B$7:$B$2070,AE47) -> 0 | AJ47: =SUM(AF47:AI47) -> 0 | AK47: =IFERROR((AG47/AJ47)*1000000,"") | AL47: =IFERROR((AH47/AJ47)*1000000,"") | AM47: =IFERROR((AI47/AJ47)*1000000,"")
A48: 46058 | B48: =SUMIFS('PD REPORT'!$Q$7:$Q$2070,'PD REPORT'!$D$7:$D$2070,$E$41,'PD REPORT'!$B$7:$B$2070,A48) -> 8355 | C48: =SUMIFS('PD REPORT'!$R$7:$R$2070,'PD REPORT'!$D$7:$D$2070,$E$41,'PD REPORT'!$B$7:$B$2070,A48) -> 295 | D48: =SUMIFS('PD REPORT'!$S$7:$S$2070,'PD REPORT'!$D$7:$D$2070,$E$41,'PD REPORT'!$B$7:$B$2070,A48) -> 195 | E48: =SUMIFS('PD REPORT'!$T$7:$T$2070,'PD REPORT'!$D$7:$D$2070,$E$41,'PD REPORT'!$B$7:$B$2070,A48) -> 20 | F48: =SUM(B48:E48) -> 8865 | G48: =IFERROR((C48/F48)*1000000,"") -> 33276.932 | H48: =IFERROR((D48/F48)*1000000,"") -> 21996.616 | I48: =IFERROR((E48/F48)*1000000,"") -> 2256.0632 | K48: 46058 | L48: =SUMIFS('PD REPORT'!$Q$7:$Q$2070,'PD REPORT'!$D$7:$D$2070,$O$41,'PD REPORT'!$B$7:$B$2070,K48) -> 4425 | M48: =SUMIFS('PD REPORT'!$R$7:$R$2070,'PD REPORT'!$D$7:$D$2070,$O$41,'PD REPORT'!$B$7:$B$2070,K48) -> 8 | N48: =SUMIFS('PD REPORT'!$S$7:$S$2070,'PD REPORT'!$D$7:$D$2070,$O$41,'PD REPORT'!$B$7:$B$2070,K48) -> 1 | O48: =SUMIFS('PD REPORT'!$T$7:$T$2070,'PD REPORT'!$D$7:$D$2070,$O$41,'PD REPORT'!$B$7:$B$2070,K48) -> 0 | P48: =SUM(L48:O48) -> 4434 | Q48: =IFERROR((M48/P48)*1000000,"") -> 1804.24 | R48: =IFERROR((N48/P48)*1000000,"") -> 225.53 | S48: =IFERROR((O48/P48)*1000000,"") -> 0 | U48: 46058 | V48: =SUMIFS('PD REPORT'!$Q$7:$Q$2070,'PD REPORT'!$D$7:$D$2070,$Y$41,'PD REPORT'!$B$7:$B$2070,U48) -> 19181 | W48: =SUMIFS('PD REPORT'!$R$7:$R$2070,'PD REPORT'!$D$7:$D$2070,$Y$41,'PD REPORT'!$B$7:$B$2070,U48) -> 0 | X48: =SUMIFS('PD REPORT'!$S$7:$S$2070,'PD REPORT'!$D$7:$D$2070,$Y$41,'PD REPORT'!$B$7:$B$2070,U48) -> 4 | Y48: =SUMIFS('PD REPORT'!$T$7:$T$2070,'PD REPORT'!$D$7:$D$2070,$Y$41,'PD REPORT'!$B$7:$B$2070,U48) -> 0 | Z48: =SUM(V48:Y48) -> 19185 | AA48: =IFERROR((W48/Z48)*1000000,"") -> 0 | AB48: =IFERROR((X48/Z48)*1000000,"") -> 208.49622 | AC48: =IFERROR((Y48/Z48)*1000000,"") -> 0 | AE48: 46028 | AF48: =SUMIFS('PD REPORT'!$Q$7:$Q$2070,'PD REPORT'!$D$7:$D$2070,$AI$41,'PD REPORT'!$B$7:$B$2070,AE48) -> 0 | AG48: =SUMIFS('PD REPORT'!$R$7:$R$2070,'PD REPORT'!$D$7:$D$2070,$AI$41,'PD REPORT'!$B$7:$B$2070,AE48) -> 0 | AH48: =SUMIFS('PD REPORT'!$S$7:$S$2070,'PD REPORT'!$D$7:$D$2070,$AI$41,'PD REPORT'!$B$7:$B$2070,AE48) -> 0 | AI48: =SUMIFS('PD REPORT'!$T$7:$T$2070,'PD REPORT'!$D$7:$D$2070,$AI$41,'PD REPORT'!$B$7:$B$2070,AE48) -> 0 | AJ48: =SUM(AF48:AI48) -> 0 | AK48: =IFERROR((AG48/AJ48)*1000000,"") | AL48: =IFERROR((AH48/AJ48)*1000000,"") | AM48: =IFERROR((AI48/AJ48)*1000000,"")
A49: 46059 | B49: =SUMIFS('PD REPORT'!$Q$7:$Q$2070,'PD REPORT'!$D$7:$D$2070,$E$41,'PD REPORT'!$B$7:$B$2070,A49) -> 9442 | C49: =SUMIFS('PD REPORT'!$R$7:$R$2070,'PD REPORT'!$D$7:$D$2070,$E$41,'PD REPORT'!$B$7:$B$2070,A49) -> 366 | D49: =SUMIFS('PD REPORT'!$S$7:$S$2070,'PD REPORT'!$D$7:$D$2070,$E$41,'PD REPORT'!$B$7:$B$2070,A49) -> 196 | E49: =SUMIFS('PD REPORT'!$T$7:$T$2070,'PD REPORT'!$D$7:$D$2070,$E$41,'PD REPORT'!$B$7:$B$2070,A49) -> 61 | F49: =SUM(B49:E49) -> 10065 | G49: =IFERROR((C49/F49)*1000000,"") -> 36363.636 | H49: =IFERROR((D49/F49)*1000000,"") -> 19473.423 | I49: =IFERROR((E49/F49)*1000000,"") -> 6060.6061 | K49: 46059 | L49: =SUMIFS('PD REPORT'!$Q$7:$Q$2070,'PD REPORT'!$D$7:$D$2070,$O$41,'PD REPORT'!$B$7:$B$2070,K49) -> 3726 | M49: =SUMIFS('PD REPORT'!$R$7:$R$2070,'PD REPORT'!$D$7:$D$2070,$O$41,'PD REPORT'!$B$7:$B$2070,K49) -> 16 | N49: =SUMIFS('PD REPORT'!$S$7:$S$2070,'PD REPORT'!$D$7:$D$2070,$O$41,'PD REPORT'!$B$7:$B$2070,K49) -> 0 | O49: =SUMIFS('PD REPORT'!$T$7:$T$2070,'PD REPORT'!$D$7:$D$2070,$O$41,'PD REPORT'!$B$7:$B$2070,K49) -> 0 | P49: =SUM(L49:O49) -> 3742 | Q49: =IFERROR((M49/P49)*1000000,"") -> 4275.7883 | R49: =IFERROR((N49/P49)*1000000,"") -> 0 | S49: =IFERROR((O49/P49)*1000000,"") -> 0 | U49: 46059 | V49: =SUMIFS('PD REPORT'!$Q$7:$Q$2070,'PD REPORT'!$D$7:$D$2070,$Y$41,'PD REPORT'!$B$7:$B$2070,U49) -> 18776 | W49: =SUMIFS('PD REPORT'!$R$7:$R$2070,'PD REPORT'!$D$7:$D$2070,$Y$41,'PD REPORT'!$B$7:$B$2070,U49) -> 0 | X49: =SUMIFS('PD REPORT'!$S$7:$S$2070,'PD REPORT'!$D$7:$D$2070,$Y$41,'PD REPORT'!$B$7:$B$2070,U49) -> 2 | Y49: =SUMIFS('PD REPORT'!$T$7:$T$2070,'PD REPORT'!$D$7:$D$2070,$Y$41,'PD REPORT'!$B$7:$B$2070,U49) -> 0 | Z49: =SUM(V49:Y49) -> 18778 | AA49: =IFERROR((W49/Z49)*1000000,"") -> 0 | AB49: =IFERROR((X49/Z49)*1000000,"") -> 106.50762 | AC49: =IFERROR((Y49/Z49)*1000000,"") -> 0 | AE49: 46029 | AF49: =SUMIFS('PD REPORT'!$Q$7:$Q$2070,'PD REPORT'!$D$7:$D$2070,$AI$41,'PD REPORT'!$B$7:$B$2070,AE49) -> 0 | AG49: =SUMIFS('PD REPORT'!$R$7:$R$2070,'PD REPORT'!$D$7:$D$2070,$AI$41,'PD REPORT'!$B$7:$B$2070,AE49) -> 0 | AH49: =SUMIFS('PD REPORT'!$S$7:$S$2070,'PD REPORT'!$D$7:$D$2070,$AI$41,'PD REPORT'!$B$7:$B$2070,AE49) -> 0 | AI49: =SUMIFS('PD REPORT'!$T$7:$T$2070,'PD REPORT'!$D$7:$D$2070,$AI$41,'PD REPORT'!$B$7:$B$2070,AE49) -> 0 | AJ49: =SUM(AF49:AI49) -> 0 | AK49: =IFERROR((AG49/AJ49)*1000000,"") | AL49: =IFERROR((AH49/AJ49)*1000000,"") | AM49: =IFERROR((AI49/AJ49)*1000000,"")
A50: 46060 | B50: =SUMIFS('PD REPORT'!$Q$7:$Q$2070,'PD REPORT'!$D$7:$D$2070,$E$41,'PD REPORT'!$B$7:$B$2070,A50) -> 10433 | C50: =SUMIFS('PD REPORT'!$R$7:$R$2070,'PD REPORT'!$D$7:$D$2070,$E$41,'PD REPORT'!$B$7:$B$2070,A50) -> 342 | D50: =SUMIFS('PD REPORT'!$S$7:$S$2070,'PD REPORT'!$D$7:$D$2070,$E$41,'PD REPORT'!$B$7:$B$2070,A50) -> 185 | E50: =SUMIFS('PD REPORT'!$T$7:$T$2070,'PD REPORT'!$D$7:$D$2070,$E$41,'PD REPORT'!$B$7:$B$2070,A50) -> 26 | F50: =SUM(B50:E50) -> 10986 | G50: =IFERROR((C50/F50)*1000000,"") -> 31130.53 | H50: =IFERROR((D50/F50)*1000000,"") -> 16839.614 | I50: =IFERROR((E50/F50)*1000000,"") -> 2366.6485 | K50: 46060 | L50: =SUMIFS('PD REPORT'!$Q$7:$Q$2070,'PD REPORT'!$D$7:$D$2070,$O$41,'PD REPORT'!$B$7:$B$2070,K50) -> 2539 | M50: =SUMIFS('PD REPORT'!$R$7:$R$2070,'PD REPORT'!$D$7:$D$2070,$O$41,'PD REPORT'!$B$7:$B$2070,K50) -> 3 | N50: =SUMIFS('PD REPORT'!$S$7:$S$2070,'PD REPORT'!$D$7:$D$2070,$O$41,'PD REPORT'!$B$7:$B$2070,K50) -> 0 | O50: =SUMIFS('PD REPORT'!$T$7:$T$2070,'PD REPORT'!$D$7:$D$2070,$O$41,'PD REPORT'!$B$7:$B$2070,K50) -> 0 | P50: =SUM(L50:O50) -> 2542 | Q50: =IFERROR((M50/P50)*1000000,"") -> 1180.1731 | R50: =IFERROR((N50/P50)*1000000,"") -> 0 | S50: =IFERROR((O50/P50)*1000000,"") -> 0 | U50: 46060 | V50: =SUMIFS('PD REPORT'!$Q$7:$Q$2070,'PD REPORT'!$D$7:$D$2070,$Y$41,'PD REPORT'!$B$7:$B$2070,U50) -> 20453 | W50: =SUMIFS('PD REPORT'!$R$7:$R$2070,'PD REPORT'!$D$7:$D$2070,$Y$41,'PD REPORT'!$B$7:$B$2070,U50) -> 0 | X50: =SUMIFS('PD REPORT'!$S$7:$S$2070,'PD REPORT'!$D$7:$D$2070,$Y$41,'PD REPORT'!$B$7:$B$2070,U50) -> 21 | Y50: =SUMIFS('PD REPORT'!$T$7:$T$2070,'PD REPORT'!$D$7:$D$2070,$Y$41,'PD REPORT'!$B$7:$B$2070,U50) -> 0 | Z50: =SUM(V50:Y50) -> 20474 | AA50: =IFERROR((W50/Z50)*1000000,"") -> 0 | AB50: =IFERROR((X50/Z50)*1000000,"") -> 1025.6911 | AC50: =IFERROR((Y50/Z50)*1000000,"") -> 0 | AE50: 46030 | AF50: =SUMIFS('PD REPORT'!$Q$7:$Q$2070,'PD REPORT'!$D$7:$D$2070,$AI$41,'PD REPORT'!$B$7:$B$2070,AE50) -> 0 | AG50: =SUMIFS('PD REPORT'!$R$7:$R$2070,'PD REPORT'!$D$7:$D$2070,$AI$41,'PD REPORT'!$B$7:$B$2070,AE50) -> 0 | AH50: =SUMIFS('PD REPORT'!$S$7:$S$2070,'PD REPORT'!$D$7:$D$2070,$AI$41,'PD REPORT'!$B$7:$B$2070,AE50) -> 0 | AI50: =SUMIFS('PD REPORT'!$T$7:$T$2070,'PD REPORT'!$D$7:$D$2070,$AI$41,'PD REPORT'!$B$7:$B$2070,AE50) -> 0 | AJ50: =SUM(AF50:AI50) -> 0 | AK50: =IFERROR((AG50/AJ50)*1000000,"") | AL50: =IFERROR((AH50/AJ50)*1000000,"") | AM50: =IFERROR((AI50/AJ50)*1000000,"")
A51: 46061 | B51: =SUMIFS('PD REPORT'!$Q$7:$Q$2070,'PD REPORT'!$D$7:$D$2070,$E$41,'PD REPORT'!$B$7:$B$2070,A51) -> 10861 | C51: =SUMIFS('PD REPORT'!$R$7:$R$2070,'PD REPORT'!$D$7:$D$2070,$E$41,'PD REPORT'!$B$7:$B$2070,A51) -> 194 | D51: =SUMIFS('PD REPORT'!$S$7:$S$2070,'PD REPORT'!$D$7:$D$2070,$E$41,'PD REPORT'!$B$7:$B$2070,A51) -> 136 | E51: =SUMIFS('PD REPORT'!$T$7:$T$2070,'PD REPORT'!$D$7:$D$2070,$E$41,'PD REPORT'!$B$7:$B$2070,A51) -> 155 | F51: =SUM(B51:E51) -> 11346 | G51: =IFERROR((C51/F51)*1000000,"") -> 17098.537 | H51: =IFERROR((D51/F51)*1000000,"") -> 11986.603 | I51: =IFERROR((E51/F51)*1000000,"") -> 13661.202 | K51: 46061 | L51: =SUMIFS('PD REPORT'!$Q$7:$Q$2070,'PD REPORT'!$D$7:$D$2070,$O$41,'PD REPORT'!$B$7:$B$2070,K51) -> 2540 | M51: =SUMIFS('PD REPORT'!$R$7:$R$2070,'PD REPORT'!$D$7:$D$2070,$O$41,'PD REPORT'!$B$7:$B$2070,K51) -> 9 | N51: =SUMIFS('PD REPORT'!$S$7:$S$2070,'PD REPORT'!$D$7:$D$2070,$O$41,'PD REPORT'!$B$7:$B$2070,K51) -> 4 | O51: =SUMIFS('PD REPORT'!$T$7:$T$2070,'PD REPORT'!$D$7:$D$2070,$O$41,'PD REPORT'!$B$7:$B$2070,K51) -> 0 | P51: =SUM(L51:O51) -> 2553 | Q51: =IFERROR((M51/P51)*1000000,"") -> 3525.2644 | R51: =IFERROR((N51/P51)*1000000,"") -> 1566.7842 | S51: =IFERROR((O51/P51)*1000000,"") -> 0 | U51: 46061 | V51: =SUMIFS('PD REPORT'!$Q$7:$Q$2070,'PD REPORT'!$D$7:$D$2070,$Y$41,'PD REPORT'!$B$7:$B$2070,U51) -> 21370 | W51: =SUMIFS('PD REPORT'!$R$7:$R$2070,'PD REPORT'!$D$7:$D$2070,$Y$41,'PD REPORT'!$B$7:$B$2070,U51) -> 0 | X51: =SUMIFS('PD REPORT'!$S$7:$S$2070,'PD REPORT'!$D$7:$D$2070,$Y$41,'PD REPORT'!$B$7:$B$2070,U51) -> 0 | Y51: =SUMIFS('PD REPORT'!$T$7:$T$2070,'PD REPORT'!$D$7:$D$2070,$Y$41,'PD REPORT'!$B$7:$B$2070,U51) -> 0 | Z51: =SUM(V51:Y51) -> 21370 | AA51: =IFERROR((W51/Z51)*1000000,"") -> 0 | AB51: =IFERROR((X51/Z51)*1000000,"") -> 0 | AC51: =IFERROR((Y51/Z51)*1000000,"") -> 0 | AE51: 46031 | AF51: =SUMIFS('PD REPORT'!$Q$7:$Q$2070,'PD REPORT'!$D$7:$D$2070,$AI$41,'PD REPORT'!$B$7:$B$2070,AE51) -> 0 | AG51: =SUMIFS('PD REPORT'!$R$7:$R$2070,'PD REPORT'!$D$7:$D$2070,$AI$41,'PD REPORT'!$B$7:$B$2070,AE51) -> 0 | AH51: =SUMIFS('PD REPORT'!$S$7:$S$2070,'PD REPORT'!$D$7:$D$2070,$AI$41,'PD REPORT'!$B$7:$B$2070,AE51) -> 0 | AI51: =SUMIFS('PD REPORT'!$T$7:$T$2070,'PD REPORT'!$D$7:$D$2070,$AI$41,'PD REPORT'!$B$7:$B$2070,AE51) -> 0 | AJ51: =SUM(AF51:AI51) -> 0 | AK51: =IFERROR((AG51/AJ51)*1000000,"") | AL51: =IFERROR((AH51/AJ51)*1000000,"") | AM51: =IFERROR((AI51/AJ51)*1000000,"")
A52: 46062 | B52: =SUMIFS('PD REPORT'!$Q$7:$Q$2070,'PD REPORT'!$D$7:$D$2070,$E$41,'PD REPORT'!$B$7:$B$2070,A52) -> 10028 | C52: =SUMIFS('PD REPORT'!$R$7:$R$2070,'PD REPORT'!$D$7:$D$2070,$E$41,'PD REPORT'!$B$7:$B$2070,A52) -> 242 | D52: =SUMIFS('PD REPORT'!$S$7:$S$2070,'PD REPORT'!$D$7:$D$2070,$E$41,'PD REPORT'!$B$7:$B$2070,A52) -> 236 | E52: =SUMIFS('PD REPORT'!$T$7:$T$2070,'PD REPORT'!$D$7:$D$2070,$E$41,'PD REPORT'!$B$7:$B$2070,A52) -> 73 | F52: =SUM(B52:E52) -> 10579 | G52: =IFERROR((C52/F52)*1000000,"") -> 22875.508 | H52: =IFERROR((D52/F52)*1000000,"") -> 22308.347 | I52: =IFERROR((E52/F52)*1000000,"") -> 6900.4632 | K52: 46062 | L52: =SUMIFS('PD REPORT'!$Q$7:$Q$2070,'PD REPORT'!$D$7:$D$2070,$O$41,'PD REPORT'!$B$7:$B$2070,K52) -> 3638 | M52: =SUMIFS('PD REPORT'!$R$7:$R$2070,'PD REPORT'!$D$7:$D$2070,$O$41,'PD REPORT'!$B$7:$B$2070,K52) -> 15 | N52: =SUMIFS('PD REPORT'!$S$7:$S$2070,'PD REPORT'!$D$7:$D$2070,$O$41,'PD REPORT'!$B$7:$B$2070,K52) -> 17 | O52: =SUMIFS('PD REPORT'!$T$7:$T$2070,'PD REPORT'!$D$7:$D$2070,$O$41,'PD REPORT'!$B$7:$B$2070,K52) -> 1 | P52: =SUM(L52:O52) -> 3671 | Q52: =IFERROR((M52/P52)*1000000,"") -> 4086.0801 | R52: =IFERROR((N52/P52)*1000000,"") -> 4630.8908 | S52: =IFERROR((O52/P52)*1000000,"") -> 272.40534 | U52: 46062 | V52: =SUMIFS('PD REPORT'!$Q$7:$Q$2070,'PD REPORT'!$D$7:$D$2070,$Y$41,'PD REPORT'!$B$7:$B$2070,U52) -> 18263 | W52: =SUMIFS('PD REPORT'!$R$7:$R$2070,'PD REPORT'!$D$7:$D$2070,$Y$41,'PD REPORT'!$B$7:$B$2070,U52) -> 0 | X52: =SUMIFS('PD REPORT'!$S$7:$S$2070,'PD REPORT'!$D$7:$D$2070,$Y$41,'PD REPORT'!$B$7:$B$2070,U52) -> 0 | Y52: =SUMIFS('PD REPORT'!$T$7:$T$2070,'PD REPORT'!$D$7:$D$2070,$Y$41,'PD REPORT'!$B$7:$B$2070,U52) -> 1 | Z52: =SUM(V52:Y52) -> 18264 | AA52: =IFERROR((W52/Z52)*1000000,"") -> 0 | AB52: =IFERROR((X52/Z52)*1000000,"") -> 0 | AC52: =IFERROR((Y52/Z52)*1000000,"") -> 54.752519 | AE52: 46032 | AF52: =SUMIFS('PD REPORT'!$Q$7:$Q$2070,'PD REPORT'!$D$7:$D$2070,$AI$41,'PD REPORT'!$B$7:$B$2070,AE52) -> 0 | AG52: =SUMIFS('PD REPORT'!$R$7:$R$2070,'PD REPORT'!$D$7:$D$2070,$AI$41,'PD REPORT'!$B$7:$B$2070,AE52) -> 0 | AH52: =SUMIFS('PD REPORT'!$S$7:$S$2070,'PD REPORT'!$D$7:$D$2070,$AI$41,'PD REPORT'!$B$7:$B$2070,AE52) -> 0 | AI52: =SUMIFS('PD REPORT'!$T$7:$T$2070,'PD REPORT'!$D$7:$D$2070,$AI$41,'PD REPORT'!$B$7:$B$2070,AE52) -> 0 | AJ52: =SUM(AF52:AI52) -> 0 | AK52: =IFERROR((AG52/AJ52)*1000000,"") | AL52: =IFERROR((AH52/AJ52)*1000000,"") | AM52: =IFERROR((AI52/AJ52)*1000000,"")
A53: 46063 | B53: =SUMIFS('PD REPORT'!$Q$7:$Q$2070,'PD REPORT'!$D$7:$D$2070,$E$41,'PD REPORT'!$B$7:$B$2070,A53) -> 11697 | C53: =SUMIFS('PD REPORT'!$R$7:$R$2070,'PD REPORT'!$D$7:$D$2070,$E$41,'PD REPORT'!$B$7:$B$2070,A53) -> 305 | D53: =SUMIFS('PD REPORT'!$S$7:$S$2070,'PD REPORT'!$D$7:$D$2070,$E$41,'PD REPORT'!$B$7:$B$2070,A53) -> 229 | E53: =SUMIFS('PD REPORT'!$T$7:$T$2070,'PD REPORT'!$D$7:$D$2070,$E$41,'PD REPORT'!$B$7:$B$2070,A53) -> 55 | F53: =SUM(B53:E53) -> 12286 | G53: =IFERROR((C53/F53)*1000000,"") -> 24825.004 | H53: =IFERROR((D53/F53)*1000000,"") -> 18639.101 | I53: =IFERROR((E53/F53)*1000000,"") -> 4476.6401 | K53: 46063 | L53: =SUMIFS('PD REPORT'!$Q$7:$Q$2070,'PD REPORT'!$D$7:$D$2070,$O$41,'PD REPORT'!$B$7:$B$2070,K53) -> 5084 | M53: =SUMIFS('PD REPORT'!$R$7:$R$2070,'PD REPORT'!$D$7:$D$2070,$O$41,'PD REPORT'!$B$7:$B$2070,K53) -> 24 | N53: =SUMIFS('PD REPORT'!$S$7:$S$2070,'PD REPORT'!$D$7:$D$2070,$O$41,'PD REPORT'!$B$7:$B$2070,K53) -> 4 | O53: =SUMIFS('PD REPORT'!$T$7:$T$2070,'PD REPORT'!$D$7:$D$2070,$O$41,'PD REPORT'!$B$7:$B$2070,K53) -> 1 | P53: =SUM(L53:O53) -> 5113 | Q53: =IFERROR((M53/P53)*1000000,"") -> 4693.9175 | R53: =IFERROR((N53/P53)*1000000,"") -> 782.31958 | S53: =IFERROR((O53/P53)*1000000,"") -> 195.57989 | U53: 46063 | V53: =SUMIFS('PD REPORT'!$Q$7:$Q$2070,'PD REPORT'!$D$7:$D$2070,$Y$41,'PD REPORT'!$B$7:$B$2070,U53) -> 9581 | W53: =SUMIFS('PD REPORT'!$R$7:$R$2070,'PD REPORT'!$D$7:$D$2070,$Y$41,'PD REPORT'!$B$7:$B$2070,U53) -> 0 | X53: =SUMIFS('PD REPORT'!$S$7:$S$2070,'PD REPORT'!$D$7:$D$2070,$Y$41,'PD REPORT'!$B$7:$B$2070,U53) -> 0 | Y53: =SUMIFS('PD REPORT'!$T$7:$T$2070,'PD REPORT'!$D$7:$D$2070,$Y$41,'PD REPORT'!$B$7:$B$2070,U53) -> 0 | Z53: =SUM(V53:Y53) -> 9581 | AA53: =IFERROR((W53/Z53)*1000000,"") -> 0 | AB53: =IFERROR((X53/Z53)*1000000,"") -> 0 | AC53: =IFERROR((Y53/Z53)*1000000,"") -> 0 | AE53: 46033 | AF53: =SUMIFS('PD REPORT'!$Q$7:$Q$2070,'PD REPORT'!$D$7:$D$2070,$AI$41,'PD REPORT'!$B$7:$B$2070,AE53) -> 0 | AG53: =SUMIFS('PD REPORT'!$R$7:$R$2070,'PD REPORT'!$D$7:$D$2070,$AI$41,'PD REPORT'!$B$7:$B$2070,AE53) -> 0 | AH53: =SUMIFS('PD REPORT'!$S$7:$S$2070,'PD REPORT'!$D$7:$D$2070,$AI$41,'PD REPORT'!$B$7:$B$2070,AE53) -> 0 | AI53: =SUMIFS('PD REPORT'!$T$7:$T$2070,'PD REPORT'!$D$7:$D$2070,$AI$41,'PD REPORT'!$B$7:$B$2070,AE53) -> 0 | AJ53: =SUM(AF53:AI53) -> 0 | AK53: =IFERROR((AG53/AJ53)*1000000,"") | AL53: =IFERROR((AH53/AJ53)*1000000,"") | AM53: =IFERROR((AI53/AJ53)*1000000,"")
A54: Grand Total | B54: =SUMIFS('PD REPORT'!$Q$7:$Q$2070,'PD REPORT'!$D$7:$D$2070,$E$41,'PD REPORT'!$B$7:$B$2070,A54) -> 0 | C54: =SUMIFS('PD REPORT'!$R$7:$R$2070,'PD REPORT'!$D$7:$D$2070,$E$41,'PD REPORT'!$B$7:$B$2070,A54) -> 0 | D54: =SUMIFS('PD REPORT'!$S$7:$S$2070,'PD REPORT'!$D$7:$D$2070,$E$41,'PD REPORT'!$B$7:$B$2070,A54) -> 0 | E54: =SUMIFS('PD REPORT'!$T$7:$T$2070,'PD REPORT'!$D$7:$D$2070,$E$41,'PD REPORT'!$B$7:$B$2070,A54) -> 0 | F54: =SUM(B54:E54) -> 0 | G54: =IFERROR((C54/F54)*1000000,"") | H54: =IFERROR((D54/F54)*1000000,"") | I54: =IFERROR((E54/F54)*1000000,"") | K54: Grand Total | L54: =SUMIFS('PD REPORT'!$Q$7:$Q$2070,'PD REPORT'!$D$7:$D$2070,$O$41,'PD REPORT'!$B$7:$B$2070,K54) -> 0 | M54: =SUMIFS('PD REPORT'!$R$7:$R$2070,'PD REPORT'!$D$7:$D$2070,$O$41,'PD REPORT'!$B$7:$B$2070,K54) -> 0 | N54: =SUMIFS('PD REPORT'!$S$7:$S$2070,'PD REPORT'!$D$7:$D$2070,$O$41,'PD REPORT'!$B$7:$B$2070,K54) -> 0 | O54: =SUMIFS('PD REPORT'!$T$7:$T$2070,'PD REPORT'!$D$7:$D$2070,$O$41,'PD REPORT'!$B$7:$B$2070,K54) -> 0 | P54: =SUM(L54:O54) -> 0 | Q54: =IFERROR((M54/P54)*1000000,"") | R54: =IFERROR((N54/P54)*1000000,"") | S54: =IFERROR((O54/P54)*1000000,"") | U54: 46064 | V54: =SUMIFS('PD REPORT'!$Q$7:$Q$2070,'PD REPORT'!$D$7:$D$2070,$Y$41,'PD REPORT'!$B$7:$B$2070,U54) -> 11674 | W54: =SUMIFS('PD REPORT'!$R$7:$R$2070,'PD REPORT'!$D$7:$D$2070,$Y$41,'PD REPORT'!$B$7:$B$2070,U54) -> 0 | X54: =SUMIFS('PD REPORT'!$S$7:$S$2070,'PD REPORT'!$D$7:$D$2070,$Y$41,'PD REPORT'!$B$7:$B$2070,U54) -> 0 | Y54: =SUMIFS('PD REPORT'!$T$7:$T$2070,'PD REPORT'!$D$7:$D$2070,$Y$41,'PD REPORT'!$B$7:$B$2070,U54) -> 0 | Z54: =SUM(V54:Y54) -> 11674 | AA54: =IFERROR((W54/Z54)*1000000,"") -> 0 | AB54: =IFERROR((X54/Z54)*1000000,"") -> 0 | AC54: =IFERROR((Y54/Z54)*1000000,"") -> 0 | AE54: 46034 | AF54: =SUMIFS('PD REPORT'!$Q$7:$Q$2070,'PD REPORT'!$D$7:$D$2070,$AI$41,'PD REPORT'!$B$7:$B$2070,AE54) -> 0 | AG54: =SUMIFS('PD REPORT'!$R$7:$R$2070,'PD REPORT'!$D$7:$D$2070,$AI$41,'PD REPORT'!$B$7:$B$2070,AE54) -> 0 | AH54: =SUMIFS('PD REPORT'!$S$7:$S$2070,'PD REPORT'!$D$7:$D$2070,$AI$41,'PD REPORT'!$B$7:$B$2070,AE54) -> 0 | AI54: =SUMIFS('PD REPORT'!$T$7:$T$2070,'PD REPORT'!$D$7:$D$2070,$AI$41,'PD REPORT'!$B$7:$B$2070,AE54) -> 0 | AJ54: =SUM(AF54:AI54) -> 0 | AK54: =IFERROR((AG54/AJ54)*1000000,"") | AL54: =IFERROR((AH54/AJ54)*1000000,"") | AM54: =IFERROR((AI54/AJ54)*1000000,"")
B55: =SUMIFS('PD REPORT'!$Q$7:$Q$2070,'PD REPORT'!$D$7:$D$2070,$E$41,'PD REPORT'!$B$7:$B$2070,A55) -> 0 | C55: =SUMIFS('PD REPORT'!$R$7:$R$2070,'PD REPORT'!$D$7:$D$2070,$E$41,'PD REPORT'!$B$7:$B$2070,A55) -> 0 | D55: =SUMIFS('PD REPORT'!$S$7:$S$2070,'PD REPORT'!$D$7:$D$2070,$E$41,'PD REPORT'!$B$7:$B$2070,A55) -> 0 | E55: =SUMIFS('PD REPORT'!$T$7:$T$2070,'PD REPORT'!$D$7:$D$2070,$E$41,'PD REPORT'!$B$7:$B$2070,A55) -> 0 | F55: =SUM(B55:E55) -> 0 | G55: =IFERROR((C55/F55)*1000000,"") | H55: =IFERROR((D55/F55)*1000000,"") | I55: =IFERROR((E55/F55)*1000000,"") | L55: =SUMIFS('PD REPORT'!$Q$7:$Q$2070,'PD REPORT'!$D$7:$D$2070,$O$41,'PD REPORT'!$B$7:$B$2070,K55) -> 0 | M55: =SUMIFS('PD REPORT'!$R$7:$R$2070,'PD REPORT'!$D$7:$D$2070,$O$41,'PD REPORT'!$B$7:$B$2070,K55) -> 0 | N55: =SUMIFS('PD REPORT'!$S$7:$S$2070,'PD REPORT'!$D$7:$D$2070,$O$41,'PD REPORT'!$B$7:$B$2070,K55) -> 0 | O55: =SUMIFS('PD REPORT'!$T$7:$T$2070,'PD REPORT'!$D$7:$D$2070,$O$41,'PD REPORT'!$B$7:$B$2070,K55) -> 0 | P55: =SUM(L55:O55) -> 0 | Q55: =IFERROR((M55/P55)*1000000,"") | R55: =IFERROR((N55/P55)*1000000,"") | S55: =IFERROR((O55/P55)*1000000,"") | U55: Grand Total | V55: =SUMIFS('PD REPORT'!$Q$7:$Q$2070,'PD REPORT'!$D$7:$D$2070,$Y$41,'PD REPORT'!$B$7:$B$2070,U55) -> 0 | W55: =SUMIFS('PD REPORT'!$R$7:$R$2070,'PD REPORT'!$D$7:$D$2070,$Y$41,'PD REPORT'!$B$7:$B$2070,U55) -> 0 | X55: =SUMIFS('PD REPORT'!$S$7:$S$2070,'PD REPORT'!$D$7:$D$2070,$Y$41,'PD REPORT'!$B$7:$B$2070,U55) -> 0 | Y55: =SUMIFS('PD REPORT'!$T$7:$T$2070,'PD REPORT'!$D$7:$D$2070,$Y$41,'PD REPORT'!$B$7:$B$2070,U55) -> 0 | Z55: =SUM(V55:Y55) -> 0 | AA55: =IFERROR((W55/Z55)*1000000,"") | AB55: =IFERROR((X55/Z55)*1000000,"") | AC55: =IFERROR((Y55/Z55)*1000000,"") | AE55: 46035 | AF55: =SUMIFS('PD REPORT'!$Q$7:$Q$2070,'PD REPORT'!$D$7:$D$2070,$AI$41,'PD REPORT'!$B$7:$B$2070,AE55) -> 0 | AG55: =SUMIFS('PD REPORT'!$R$7:$R$2070,'PD REPORT'!$D$7:$D$2070,$AI$41,'PD REPORT'!$B$7:$B$2070,AE55) -> 0 | AH55: =SUMIFS('PD REPORT'!$S$7:$S$2070,'PD REPORT'!$D$7:$D$2070,$AI$41,'PD REPORT'!$B$7:$B$2070,AE55) -> 0 | AI55: =SUMIFS('PD REPORT'!$T$7:$T$2070,'PD REPORT'!$D$7:$D$2070,$AI$41,'PD REPORT'!$B$7:$B$2070,AE55) -> 0 | AJ55: =SUM(AF55:AI55) -> 0 | AK55: =IFERROR((AG55/AJ55)*1000000,"") | AL55: =IFERROR((AH55/AJ55)*1000000,"") | AM55: =IFERROR((AI55/AJ55)*1000000,"")
B56: =SUMIFS('PD REPORT'!$Q$7:$Q$2070,'PD REPORT'!$D$7:$D$2070,$E$41,'PD REPORT'!$B$7:$B$2070,A56) -> 0 | C56: =SUMIFS('PD REPORT'!$R$7:$R$2070,'PD REPORT'!$D$7:$D$2070,$E$41,'PD REPORT'!$B$7:$B$2070,A56) -> 0 | D56: =SUMIFS('PD REPORT'!$S$7:$S$2070,'PD REPORT'!$D$7:$D$2070,$E$41,'PD REPORT'!$B$7:$B$2070,A56) -> 0 | E56: =SUMIFS('PD REPORT'!$T$7:$T$2070,'PD REPORT'!$D$7:$D$2070,$E$41,'PD REPORT'!$B$7:$B$2070,A56) -> 0 | F56: =SUM(B56:E56) -> 0 | G56: =IFERROR((C56/F56)*1000000,"") | H56: =IFERROR((D56/F56)*1000000,"") | I56: =IFERROR((E56/F56)*1000000,"") | L56: =SUMIFS('PD REPORT'!$Q$7:$Q$2070,'PD REPORT'!$D$7:$D$2070,$O$41,'PD REPORT'!$B$7:$B$2070,K56) -> 0 | M56: =SUMIFS('PD REPORT'!$R$7:$R$2070,'PD REPORT'!$D$7:$D$2070,$O$41,'PD REPORT'!$B$7:$B$2070,K56) -> 0 | N56: =SUMIFS('PD REPORT'!$S$7:$S$2070,'PD REPORT'!$D$7:$D$2070,$O$41,'PD REPORT'!$B$7:$B$2070,K56) -> 0 | O56: =SUMIFS('PD REPORT'!$T$7:$T$2070,'PD REPORT'!$D$7:$D$2070,$O$41,'PD REPORT'!$B$7:$B$2070,K56) -> 0 | P56: =SUM(L56:O56) -> 0 | Q56: =IFERROR((M56/P56)*1000000,"") | R56: =IFERROR((N56/P56)*1000000,"") | S56: =IFERROR((O56/P56)*1000000,"") | V56: =SUMIFS('PD REPORT'!$Q$7:$Q$2070,'PD REPORT'!$D$7:$D$2070,$Y$41,'PD REPORT'!$B$7:$B$2070,U56) -> 0 | W56: =SUMIFS('PD REPORT'!$R$7:$R$2070,'PD REPORT'!$D$7:$D$2070,$Y$41,'PD REPORT'!$B$7:$B$2070,U56) -> 0 | X56: =SUMIFS('PD REPORT'!$S$7:$S$2070,'PD REPORT'!$D$7:$D$2070,$Y$41,'PD REPORT'!$B$7:$B$2070,U56) -> 0 | Y56: =SUMIFS('PD REPORT'!$T$7:$T$2070,'PD REPORT'!$D$7:$D$2070,$Y$41,'PD REPORT'!$B$7:$B$2070,U56) -> 0 | Z56: =SUM(V56:Y56) -> 0 | AA56: =IFERROR((W56/Z56)*1000000,"") | AB56: =IFERROR((X56/Z56)*1000000,"") | AC56: =IFERROR((Y56/Z56)*1000000,"") | AE56: 46036 | AF56: =SUMIFS('PD REPORT'!$Q$7:$Q$2070,'PD REPORT'!$D$7:$D$2070,$AI$41,'PD REPORT'!$B$7:$B$2070,AE56) -> 0 | AG56: =SUMIFS('PD REPORT'!$R$7:$R$2070,'PD REPORT'!$D$7:$D$2070,$AI$41,'PD REPORT'!$B$7:$B$2070,AE56) -> 0 | AH56: =SUMIFS('PD REPORT'!$S$7:$S$2070,'PD REPORT'!$D$7:$D$2070,$AI$41,'PD REPORT'!$B$7:$B$2070,AE56) -> 0 | AI56: =SUMIFS('PD REPORT'!$T$7:$T$2070,'PD REPORT'!$D$7:$D$2070,$AI$41,'PD REPORT'!$B$7:$B$2070,AE56) -> 0 | AJ56: =SUM(AF56:AI56) -> 0 | AK56: =IFERROR((AG56/AJ56)*1000000,"") | AL56: =IFERROR((AH56/AJ56)*1000000,"") | AM56: =IFERROR((AI56/AJ56)*1000000,"")
B57: =SUMIFS('PD REPORT'!$Q$7:$Q$2070,'PD REPORT'!$D$7:$D$2070,$E$41,'PD REPORT'!$B$7:$B$2070,A57) -> 0 | C57: =SUMIFS('PD REPORT'!$R$7:$R$2070,'PD REPORT'!$D$7:$D$2070,$E$41,'PD REPORT'!$B$7:$B$2070,A57) -> 0 | D57: =SUMIFS('PD REPORT'!$S$7:$S$2070,'PD REPORT'!$D$7:$D$2070,$E$41,'PD REPORT'!$B$7:$B$2070,A57) -> 0 | E57: =SUMIFS('PD REPORT'!$T$7:$T$2070,'PD REPORT'!$D$7:$D$2070,$E$41,'PD REPORT'!$B$7:$B$2070,A57) -> 0 | F57: =SUM(B57:E57) -> 0 | G57: =IFERROR((C57/F57)*1000000,"") | H57: =IFERROR((D57/F57)*1000000,"") | I57: =IFERROR((E57/F57)*1000000,"") | L57: =SUMIFS('PD REPORT'!$Q$7:$Q$2070,'PD REPORT'!$D$7:$D$2070,$O$41,'PD REPORT'!$B$7:$B$2070,K57) -> 0 | M57: =SUMIFS('PD REPORT'!$R$7:$R$2070,'PD REPORT'!$D$7:$D$2070,$O$41,'PD REPORT'!$B$7:$B$2070,K57) -> 0 | N57: =SUMIFS('PD REPORT'!$S$7:$S$2070,'PD REPORT'!$D$7:$D$2070,$O$41,'PD REPORT'!$B$7:$B$2070,K57) -> 0 | O57: =SUMIFS('PD REPORT'!$T$7:$T$2070,'PD REPORT'!$D$7:$D$2070,$O$41,'PD REPORT'!$B$7:$B$2070,K57) -> 0 | P57: =SUM(L57:O57) -> 0 | Q57: =IFERROR((M57/P57)*1000000,"") | R57: =IFERROR((N57/P57)*1000000,"") | S57: =IFERROR((O57/P57)*1000000,"") | V57: =SUMIFS('PD REPORT'!$Q$7:$Q$2070,'PD REPORT'!$D$7:$D$2070,$Y$41,'PD REPORT'!$B$7:$B$2070,U57) -> 0 | W57: =SUMIFS('PD REPORT'!$R$7:$R$2070,'PD REPORT'!$D$7:$D$2070,$Y$41,'PD REPORT'!$B$7:$B$2070,U57) -> 0 | X57: =SUMIFS('PD REPORT'!$S$7:$S$2070,'PD REPORT'!$D$7:$D$2070,$Y$41,'PD REPORT'!$B$7:$B$2070,U57) -> 0 | Y57: =SUMIFS('PD REPORT'!$T$7:$T$2070,'PD REPORT'!$D$7:$D$2070,$Y$41,'PD REPORT'!$B$7:$B$2070,U57) -> 0 | Z57: =SUM(V57:Y57) -> 0 | AA57: =IFERROR((W57/Z57)*1000000,"") | AB57: =IFERROR((X57/Z57)*1000000,"") | AC57: =IFERROR((Y57/Z57)*1000000,"") | AE57: 46037 | AF57: =SUMIFS('PD REPORT'!$Q$7:$Q$2070,'PD REPORT'!$D$7:$D$2070,$AI$41,'PD REPORT'!$B$7:$B$2070,AE57) -> 0 | AG57: =SUMIFS('PD REPORT'!$R$7:$R$2070,'PD REPORT'!$D$7:$D$2070,$AI$41,'PD REPORT'!$B$7:$B$2070,AE57) -> 0 | AH57: =SUMIFS('PD REPORT'!$S$7:$S$2070,'PD REPORT'!$D$7:$D$2070,$AI$41,'PD REPORT'!$B$7:$B$2070,AE57) -> 0 | AI57: =SUMIFS('PD REPORT'!$T$7:$T$2070,'PD REPORT'!$D$7:$D$2070,$AI$41,'PD REPORT'!$B$7:$B$2070,AE57) -> 0 | AJ57: =SUM(AF57:AI57) -> 0 | AK57: =IFERROR((AG57/AJ57)*1000000,"") | AL57: =IFERROR((AH57/AJ57)*1000000,"") | AM57: =IFERROR((AI57/AJ57)*1000000,"")
B58: =SUMIFS('PD REPORT'!$Q$7:$Q$2070,'PD REPORT'!$D$7:$D$2070,$E$41,'PD REPORT'!$B$7:$B$2070,A58) -> 0 | C58: =SUMIFS('PD REPORT'!$R$7:$R$2070,'PD REPORT'!$D$7:$D$2070,$E$41,'PD REPORT'!$B$7:$B$2070,A58) -> 0 | D58: =SUMIFS('PD REPORT'!$S$7:$S$2070,'PD REPORT'!$D$7:$D$2070,$E$41,'PD REPORT'!$B$7:$B$2070,A58) -> 0 | E58: =SUMIFS('PD REPORT'!$T$7:$T$2070,'PD REPORT'!$D$7:$D$2070,$E$41,'PD REPORT'!$B$7:$B$2070,A58) -> 0 | F58: =SUM(B58:E58) -> 0 | G58: =IFERROR((C58/F58)*1000000,"") | H58: =IFERROR((D58/F58)*1000000,"") | I58: =IFERROR((E58/F58)*1000000,"") | L58: =SUMIFS('PD REPORT'!$Q$7:$Q$2070,'PD REPORT'!$D$7:$D$2070,$O$41,'PD REPORT'!$B$7:$B$2070,K58) -> 0 | M58: =SUMIFS('PD REPORT'!$R$7:$R$2070,'PD REPORT'!$D$7:$D$2070,$O$41,'PD REPORT'!$B$7:$B$2070,K58) -> 0 | N58: =SUMIFS('PD REPORT'!$S$7:$S$2070,'PD REPORT'!$D$7:$D$2070,$O$41,'PD REPORT'!$B$7:$B$2070,K58) -> 0 | O58: =SUMIFS('PD REPORT'!$T$7:$T$2070,'PD REPORT'!$D$7:$D$2070,$O$41,'PD REPORT'!$B$7:$B$2070,K58) -> 0 | P58: =SUM(L58:O58) -> 0 | Q58: =IFERROR((M58/P58)*1000000,"") | R58: =IFERROR((N58/P58)*1000000,"") | S58: =IFERROR((O58/P58)*1000000,"") | V58: =SUMIFS('PD REPORT'!$Q$7:$Q$2070,'PD REPORT'!$D$7:$D$2070,$Y$41,'PD REPORT'!$B$7:$B$2070,U58) -> 0 | W58: =SUMIFS('PD REPORT'!$R$7:$R$2070,'PD REPORT'!$D$7:$D$2070,$Y$41,'PD REPORT'!$B$7:$B$2070,U58) -> 0 | X58: =SUMIFS('PD REPORT'!$S$7:$S$2070,'PD REPORT'!$D$7:$D$2070,$Y$41,'PD REPORT'!$B$7:$B$2070,U58) -> 0 | Y58: =SUMIFS('PD REPORT'!$T$7:$T$2070,'PD REPORT'!$D$7:$D$2070,$Y$41,'PD REPORT'!$B$7:$B$2070,U58) -> 0 | Z58: =SUM(V58:Y58) -> 0 | AA58: =IFERROR((W58/Z58)*1000000,"") | AB58: =IFERROR((X58/Z58)*1000000,"") | AC58: =IFERROR((Y58/Z58)*1000000,"") | AE58: 46038 | AF58: =SUMIFS('PD REPORT'!$Q$7:$Q$2070,'PD REPORT'!$D$7:$D$2070,$AI$41,'PD REPORT'!$B$7:$B$2070,AE58) -> 0 | AG58: =SUMIFS('PD REPORT'!$R$7:$R$2070,'PD REPORT'!$D$7:$D$2070,$AI$41,'PD REPORT'!$B$7:$B$2070,AE58) -> 0 | AH58: =SUMIFS('PD REPORT'!$S$7:$S$2070,'PD REPORT'!$D$7:$D$2070,$AI$41,'PD REPORT'!$B$7:$B$2070,AE58) -> 0 | AI58: =SUMIFS('PD REPORT'!$T$7:$T$2070,'PD REPORT'!$D$7:$D$2070,$AI$41,'PD REPORT'!$B$7:$B$2070,AE58) -> 0 | AJ58: =SUM(AF58:AI58) -> 0 | AK58: =IFERROR((AG58/AJ58)*1000000,"") | AL58: =IFERROR((AH58/AJ58)*1000000,"") | AM58: =IFERROR((AI58/AJ58)*1000000,"")
B59: =SUMIFS('PD REPORT'!$Q$7:$Q$2070,'PD REPORT'!$D$7:$D$2070,$E$41,'PD REPORT'!$B$7:$B$2070,A59) -> 0 | C59: =SUMIFS('PD REPORT'!$R$7:$R$2070,'PD REPORT'!$D$7:$D$2070,$E$41,'PD REPORT'!$B$7:$B$2070,A59) -> 0 | D59: =SUMIFS('PD REPORT'!$S$7:$S$2070,'PD REPORT'!$D$7:$D$2070,$E$41,'PD REPORT'!$B$7:$B$2070,A59) -> 0 | E59: =SUMIFS('PD REPORT'!$T$7:$T$2070,'PD REPORT'!$D$7:$D$2070,$E$41,'PD REPORT'!$B$7:$B$2070,A59) -> 0 | F59: =SUM(B59:E59) -> 0 | G59: =IFERROR((C59/F59)*1000000,"") | H59: =IFERROR((D59/F59)*1000000,"") | I59: =IFERROR((E59/F59)*1000000,"") | L59: =SUMIFS('PD REPORT'!$Q$7:$Q$2070,'PD REPORT'!$D$7:$D$2070,$O$41,'PD REPORT'!$B$7:$B$2070,K59) -> 0 | M59: =SUMIFS('PD REPORT'!$R$7:$R$2070,'PD REPORT'!$D$7:$D$2070,$O$41,'PD REPORT'!$B$7:$B$2070,K59) -> 0 | N59: =SUMIFS('PD REPORT'!$S$7:$S$2070,'PD REPORT'!$D$7:$D$2070,$O$41,'PD REPORT'!$B$7:$B$2070,K59) -> 0 | O59: =SUMIFS('PD REPORT'!$T$7:$T$2070,'PD REPORT'!$D$7:$D$2070,$O$41,'PD REPORT'!$B$7:$B$2070,K59) -> 0 | P59: =SUM(L59:O59) -> 0 | Q59: =IFERROR((M59/P59)*1000000,"") | R59: =IFERROR((N59/P59)*1000000,"") | S59: =IFERROR((O59/P59)*1000000,"") | V59: =SUMIFS('PD REPORT'!$Q$7:$Q$2070,'PD REPORT'!$D$7:$D$2070,$Y$41,'PD REPORT'!$B$7:$B$2070,U59) -> 0 | W59: =SUMIFS('PD REPORT'!$R$7:$R$2070,'PD REPORT'!$D$7:$D$2070,$Y$41,'PD REPORT'!$B$7:$B$2070,U59) -> 0 | X59: =SUMIFS('PD REPORT'!$S$7:$S$2070,'PD REPORT'!$D$7:$D$2070,$Y$41,'PD REPORT'!$B$7:$B$2070,U59) -> 0 | Y59: =SUMIFS('PD REPORT'!$T$7:$T$2070,'PD REPORT'!$D$7:$D$2070,$Y$41,'PD REPORT'!$B$7:$B$2070,U59) -> 0 | Z59: =SUM(V59:Y59) -> 0 | AA59: =IFERROR((W59/Z59)*1000000,"") | AB59: =IFERROR((X59/Z59)*1000000,"") | AC59: =IFERROR((Y59/Z59)*1000000,"") | AE59: 46039 | AF59: =SUMIFS('PD REPORT'!$Q$7:$Q$2070,'PD REPORT'!$D$7:$D$2070,$AI$41,'PD REPORT'!$B$7:$B$2070,AE59) -> 0 | AG59: =SUMIFS('PD REPORT'!$R$7:$R$2070,'PD REPORT'!$D$7:$D$2070,$AI$41,'PD REPORT'!$B$7:$B$2070,AE59) -> 0 | AH59: =SUMIFS('PD REPORT'!$S$7:$S$2070,'PD REPORT'!$D$7:$D$2070,$AI$41,'PD REPORT'!$B$7:$B$2070,AE59) -> 0 | AI59: =SUMIFS('PD REPORT'!$T$7:$T$2070,'PD REPORT'!$D$7:$D$2070,$AI$41,'PD REPORT'!$B$7:$B$2070,AE59) -> 0 | AJ59: =SUM(AF59:AI59) -> 0 | AK59: =IFERROR((AG59/AJ59)*1000000,"") | AL59: =IFERROR((AH59/AJ59)*1000000,"") | AM59: =IFERROR((AI59/AJ59)*1000000,"")
B60: =SUMIFS('PD REPORT'!$Q$7:$Q$2070,'PD REPORT'!$D$7:$D$2070,$E$41,'PD REPORT'!$B$7:$B$2070,A60) -> 0 | C60: =SUMIFS('PD REPORT'!$R$7:$R$2070,'PD REPORT'!$D$7:$D$2070,$E$41,'PD REPORT'!$B$7:$B$2070,A60) -> 0 | D60: =SUMIFS('PD REPORT'!$S$7:$S$2070,'PD REPORT'!$D$7:$D$2070,$E$41,'PD REPORT'!$B$7:$B$2070,A60) -> 0 | E60: =SUMIFS('PD REPORT'!$T$7:$T$2070,'PD REPORT'!$D$7:$D$2070,$E$41,'PD REPORT'!$B$7:$B$2070,A60) -> 0 | F60: =SUM(B60:E60) -> 0 | G60: =IFERROR((C60/F60)*1000000,"") | H60: =IFERROR((D60/F60)*1000000,"") | I60: =IFERROR((E60/F60)*1000000,"") | L60: =SUMIFS('PD REPORT'!$Q$7:$Q$2070,'PD REPORT'!$D$7:$D$2070,$O$41,'PD REPORT'!$B$7:$B$2070,K60) -> 0 | M60: =SUMIFS('PD REPORT'!$R$7:$R$2070,'PD REPORT'!$D$7:$D$2070,$O$41,'PD REPORT'!$B$7:$B$2070,K60) -> 0 | N60: =SUMIFS('PD REPORT'!$S$7:$S$2070,'PD REPORT'!$D$7:$D$2070,$O$41,'PD REPORT'!$B$7:$B$2070,K60) -> 0 | O60: =SUMIFS('PD REPORT'!$T$7:$T$2070,'PD REPORT'!$D$7:$D$2070,$O$41,'PD REPORT'!$B$7:$B$2070,K60) -> 0 | P60: =SUM(L60:O60) -> 0 | Q60: =IFERROR((M60/P60)*1000000,"") | R60: =IFERROR((N60/P60)*1000000,"") | S60: =IFERROR((O60/P60)*1000000,"") | V60: =SUMIFS('PD REPORT'!$Q$7:$Q$2070,'PD REPORT'!$D$7:$D$2070,$Y$41,'PD REPORT'!$B$7:$B$2070,U60) -> 0 | W60: =SUMIFS('PD REPORT'!$R$7:$R$2070,'PD REPORT'!$D$7:$D$2070,$Y$41,'PD REPORT'!$B$7:$B$2070,U60) -> 0 | X60: =SUMIFS('PD REPORT'!$S$7:$S$2070,'PD REPORT'!$D$7:$D$2070,$Y$41,'PD REPORT'!$B$7:$B$2070,U60) -> 0 | Y60: =SUMIFS('PD REPORT'!$T$7:$T$2070,'PD REPORT'!$D$7:$D$2070,$Y$41,'PD REPORT'!$B$7:$B$2070,U60) -> 0 | Z60: =SUM(V60:Y60) -> 0 | AA60: =IFERROR((W60/Z60)*1000000,"") | AB60: =IFERROR((X60/Z60)*1000000,"") | AC60: =IFERROR((Y60/Z60)*1000000,"") | AE60: 46040 | AF60: =SUMIFS('PD REPORT'!$Q$7:$Q$2070,'PD REPORT'!$D$7:$D$2070,$AI$41,'PD REPORT'!$B$7:$B$2070,AE60) -> 0 | AG60: =SUMIFS('PD REPORT'!$R$7:$R$2070,'PD REPORT'!$D$7:$D$2070,$AI$41,'PD REPORT'!$B$7:$B$2070,AE60) -> 0 | AH60: =SUMIFS('PD REPORT'!$S$7:$S$2070,'PD REPORT'!$D$7:$D$2070,$AI$41,'PD REPORT'!$B$7:$B$2070,AE60) -> 0 | AI60: =SUMIFS('PD REPORT'!$T$7:$T$2070,'PD REPORT'!$D$7:$D$2070,$AI$41,'PD REPORT'!$B$7:$B$2070,AE60) -> 0 | AJ60: =SUM(AF60:AI60) -> 0 | AK60: =IFERROR((AG60/AJ60)*1000000,"") | AL60: =IFERROR((AH60/AJ60)*1000000,"") | AM60: =IFERROR((AI60/AJ60)*1000000,"")
B61: =SUMIFS('PD REPORT'!$Q$7:$Q$2070,'PD REPORT'!$D$7:$D$2070,$E$41,'PD REPORT'!$B$7:$B$2070,A61) -> 0 | C61: =SUMIFS('PD REPORT'!$R$7:$R$2070,'PD REPORT'!$D$7:$D$2070,$E$41,'PD REPORT'!$B$7:$B$2070,A61) -> 0 | D61: =SUMIFS('PD REPORT'!$S$7:$S$2070,'PD REPORT'!$D$7:$D$2070,$E$41,'PD REPORT'!$B$7:$B$2070,A61) -> 0 | E61: =SUMIFS('PD REPORT'!$T$7:$T$2070,'PD REPORT'!$D$7:$D$2070,$E$41,'PD REPORT'!$B$7:$B$2070,A61) -> 0 | F61: =SUM(B61:E61) -> 0 | G61: =IFERROR((C61/F61)*1000000,"") | H61: =IFERROR((D61/F61)*1000000,"") | I61: =IFERROR((E61/F61)*1000000,"") | L61: =SUMIFS('PD REPORT'!$Q$7:$Q$2070,'PD REPORT'!$D$7:$D$2070,$O$41,'PD REPORT'!$B$7:$B$2070,K61) -> 0 | M61: =SUMIFS('PD REPORT'!$R$7:$R$2070,'PD REPORT'!$D$7:$D$2070,$O$41,'PD REPORT'!$B$7:$B$2070,K61) -> 0 | N61: =SUMIFS('PD REPORT'!$S$7:$S$2070,'PD REPORT'!$D$7:$D$2070,$O$41,'PD REPORT'!$B$7:$B$2070,K61) -> 0 | O61: =SUMIFS('PD REPORT'!$T$7:$T$2070,'PD REPORT'!$D$7:$D$2070,$O$41,'PD REPORT'!$B$7:$B$2070,K61) -> 0 | P61: =SUM(L61:O61) -> 0 | Q61: =IFERROR((M61/P61)*1000000,"") | R61: =IFERROR((N61/P61)*1000000,"") | S61: =IFERROR((O61/P61)*1000000,"") | V61: =SUMIFS('PD REPORT'!$Q$7:$Q$2070,'PD REPORT'!$D$7:$D$2070,$Y$41,'PD REPORT'!$B$7:$B$2070,U61) -> 0 | W61: =SUMIFS('PD REPORT'!$R$7:$R$2070,'PD REPORT'!$D$7:$D$2070,$Y$41,'PD REPORT'!$B$7:$B$2070,U61) -> 0 | X61: =SUMIFS('PD REPORT'!$S$7:$S$2070,'PD REPORT'!$D$7:$D$2070,$Y$41,'PD REPORT'!$B$7:$B$2070,U61) -> 0 | Y61: =SUMIFS('PD REPORT'!$T$7:$T$2070,'PD REPORT'!$D$7:$D$2070,$Y$41,'PD REPORT'!$B$7:$B$2070,U61) -> 0 | Z61: =SUM(V61:Y61) -> 0 | AA61: =IFERROR((W61/Z61)*1000000,"") | AB61: =IFERROR((X61/Z61)*1000000,"") | AC61: =IFERROR((Y61/Z61)*1000000,"") | AE61: 46041 | AF61: =SUMIFS('PD REPORT'!$Q$7:$Q$2070,'PD REPORT'!$D$7:$D$2070,$AI$41,'PD REPORT'!$B$7:$B$2070,AE61) -> 0 | AG61: =SUMIFS('PD REPORT'!$R$7:$R$2070,'PD REPORT'!$D$7:$D$2070,$AI$41,'PD REPORT'!$B$7:$B$2070,AE61) -> 0 | AH61: =SUMIFS('PD REPORT'!$S$7:$S$2070,'PD REPORT'!$D$7:$D$2070,$AI$41,'PD REPORT'!$B$7:$B$2070,AE61) -> 0 | AI61: =SUMIFS('PD REPORT'!$T$7:$T$2070,'PD REPORT'!$D$7:$D$2070,$AI$41,'PD REPORT'!$B$7:$B$2070,AE61) -> 0 | AJ61: =SUM(AF61:AI61) -> 0 | AK61: =IFERROR((AG61/AJ61)*1000000,"") | AL61: =IFERROR((AH61/AJ61)*1000000,"") | AM61: =IFERROR((AI61/AJ61)*1000000,"")
B62: =SUMIFS('PD REPORT'!$Q$7:$Q$2070,'PD REPORT'!$D$7:$D$2070,$E$41,'PD REPORT'!$B$7:$B$2070,A62) -> 0 | C62: =SUMIFS('PD REPORT'!$R$7:$R$2070,'PD REPORT'!$D$7:$D$2070,$E$41,'PD REPORT'!$B$7:$B$2070,A62) -> 0 | D62: =SUMIFS('PD REPORT'!$S$7:$S$2070,'PD REPORT'!$D$7:$D$2070,$E$41,'PD REPORT'!$B$7:$B$2070,A62) -> 0 | E62: =SUMIFS('PD REPORT'!$T$7:$T$2070,'PD REPORT'!$D$7:$D$2070,$E$41,'PD REPORT'!$B$7:$B$2070,A62) -> 0 | F62: =SUM(B62:E62) -> 0 | G62: =IFERROR((C62/F62)*1000000,"") | H62: =IFERROR((D62/F62)*1000000,"") | I62: =IFERROR((E62/F62)*1000000,"") | L62: =SUMIFS('PD REPORT'!$Q$7:$Q$2070,'PD REPORT'!$D$7:$D$2070,$O$41,'PD REPORT'!$B$7:$B$2070,K62) -> 0 | M62: =SUMIFS('PD REPORT'!$R$7:$R$2070,'PD REPORT'!$D$7:$D$2070,$O$41,'PD REPORT'!$B$7:$B$2070,K62) -> 0 | N62: =SUMIFS('PD REPORT'!$S$7:$S$2070,'PD REPORT'!$D$7:$D$2070,$O$41,'PD REPORT'!$B$7:$B$2070,K62) -> 0 | O62: =SUMIFS('PD REPORT'!$T$7:$T$2070,'PD REPORT'!$D$7:$D$2070,$O$41,'PD REPORT'!$B$7:$B$2070,K62) -> 0 | P62: =SUM(L62:O62) -> 0 | Q62: =IFERROR((M62/P62)*1000000,"") | R62: =IFERROR((N62/P62)*1000000,"") | S62: =IFERROR((O62/P62)*1000000,"") | V62: =SUMIFS('PD REPORT'!$Q$7:$Q$2070,'PD REPORT'!$D$7:$D$2070,$Y$41,'PD REPORT'!$B$7:$B$2070,U62) -> 0 | W62: =SUMIFS('PD REPORT'!$R$7:$R$2070,'PD REPORT'!$D$7:$D$2070,$Y$41,'PD REPORT'!$B$7:$B$2070,U62) -> 0 | X62: =SUMIFS('PD REPORT'!$S$7:$S$2070,'PD REPORT'!$D$7:$D$2070,$Y$41,'PD REPORT'!$B$7:$B$2070,U62) -> 0 | Y62: =SUMIFS('PD REPORT'!$T$7:$T$2070,'PD REPORT'!$D$7:$D$2070,$Y$41,'PD REPORT'!$B$7:$B$2070,U62) -> 0 | Z62: =SUM(V62:Y62) -> 0 | AA62: =IFERROR((W62/Z62)*1000000,"") | AB62: =IFERROR((X62/Z62)*1000000,"") | AC62: =IFERROR((Y62/Z62)*1000000,"") | AE62: 46042 | AF62: =SUMIFS('PD REPORT'!$Q$7:$Q$2070,'PD REPORT'!$D$7:$D$2070,$AI$41,'PD REPORT'!$B$7:$B$2070,AE62) -> 0 | AG62: =SUMIFS('PD REPORT'!$R$7:$R$2070,'PD REPORT'!$D$7:$D$2070,$AI$41,'PD REPORT'!$B$7:$B$2070,AE62) -> 0 | AH62: =SUMIFS('PD REPORT'!$S$7:$S$2070,'PD REPORT'!$D$7:$D$2070,$AI$41,'PD REPORT'!$B$7:$B$2070,AE62) -> 0 | AI62: =SUMIFS('PD REPORT'!$T$7:$T$2070,'PD REPORT'!$D$7:$D$2070,$AI$41,'PD REPORT'!$B$7:$B$2070,AE62) -> 0 | AJ62: =SUM(AF62:AI62) -> 0 | AK62: =IFERROR((AG62/AJ62)*1000000,"") | AL62: =IFERROR((AH62/AJ62)*1000000,"") | AM62: =IFERROR((AI62/AJ62)*1000000,"")
B63: =SUMIFS('PD REPORT'!$Q$7:$Q$2070,'PD REPORT'!$D$7:$D$2070,$E$41,'PD REPORT'!$B$7:$B$2070,A63) -> 0 | C63: =SUMIFS('PD REPORT'!$R$7:$R$2070,'PD REPORT'!$D$7:$D$2070,$E$41,'PD REPORT'!$B$7:$B$2070,A63) -> 0 | D63: =SUMIFS('PD REPORT'!$S$7:$S$2070,'PD REPORT'!$D$7:$D$2070,$E$41,'PD REPORT'!$B$7:$B$2070,A63) -> 0 | E63: =SUMIFS('PD REPORT'!$T$7:$T$2070,'PD REPORT'!$D$7:$D$2070,$E$41,'PD REPORT'!$B$7:$B$2070,A63) -> 0 | F63: =SUM(B63:E63) -> 0 | G63: =IFERROR((C63/F63)*1000000,"") | H63: =IFERROR((D63/F63)*1000000,"") | I63: =IFERROR((E63/F63)*1000000,"") | L63: =SUMIFS('PD REPORT'!$Q$7:$Q$2070,'PD REPORT'!$D$7:$D$2070,$O$41,'PD REPORT'!$B$7:$B$2070,K63) -> 0 | M63: =SUMIFS('PD REPORT'!$R$7:$R$2070,'PD REPORT'!$D$7:$D$2070,$O$41,'PD REPORT'!$B$7:$B$2070,K63) -> 0 | N63: =SUMIFS('PD REPORT'!$S$7:$S$2070,'PD REPORT'!$D$7:$D$2070,$O$41,'PD REPORT'!$B$7:$B$2070,K63) -> 0 | O63: =SUMIFS('PD REPORT'!$T$7:$T$2070,'PD REPORT'!$D$7:$D$2070,$O$41,'PD REPORT'!$B$7:$B$2070,K63) -> 0 | P63: =SUM(L63:O63) -> 0 | Q63: =IFERROR((M63/P63)*1000000,"") | R63: =IFERROR((N63/P63)*1000000,"") | S63: =IFERROR((O63/P63)*1000000,"") | V63: =SUMIFS('PD REPORT'!$Q$7:$Q$2070,'PD REPORT'!$D$7:$D$2070,$Y$41,'PD REPORT'!$B$7:$B$2070,U63) -> 0 | W63: =SUMIFS('PD REPORT'!$R$7:$R$2070,'PD REPORT'!$D$7:$D$2070,$Y$41,'PD REPORT'!$B$7:$B$2070,U63) -> 0 | X63: =SUMIFS('PD REPORT'!$S$7:$S$2070,'PD REPORT'!$D$7:$D$2070,$Y$41,'PD REPORT'!$B$7:$B$2070,U63) -> 0 | Y63: =SUMIFS('PD REPORT'!$T$7:$T$2070,'PD REPORT'!$D$7:$D$2070,$Y$41,'PD REPORT'!$B$7:$B$2070,U63) -> 0 | Z63: =SUM(V63:Y63) -> 0 | AA63: =IFERROR((W63/Z63)*1000000,"") | AB63: =IFERROR((X63/Z63)*1000000,"") | AC63: =IFERROR((Y63/Z63)*1000000,"") | AE63: 46043 | AF63: =SUMIFS('PD REPORT'!$Q$7:$Q$2070,'PD REPORT'!$D$7:$D$2070,$AI$41,'PD REPORT'!$B$7:$B$2070,AE63) -> 0 | AG63: =SUMIFS('PD REPORT'!$R$7:$R$2070,'PD REPORT'!$D$7:$D$2070,$AI$41,'PD REPORT'!$B$7:$B$2070,AE63) -> 0 | AH63: =SUMIFS('PD REPORT'!$S$7:$S$2070,'PD REPORT'!$D$7:$D$2070,$AI$41,'PD REPORT'!$B$7:$B$2070,AE63) -> 0 | AI63: =SUMIFS('PD REPORT'!$T$7:$T$2070,'PD REPORT'!$D$7:$D$2070,$AI$41,'PD REPORT'!$B$7:$B$2070,AE63) -> 0 | AJ63: =SUM(AF63:AI63) -> 0 | AK63: =IFERROR((AG63/AJ63)*1000000,"") | AL63: =IFERROR((AH63/AJ63)*1000000,"") | AM63: =IFERROR((AI63/AJ63)*1000000,"")
B64: =SUMIFS('PD REPORT'!$Q$7:$Q$2070,'PD REPORT'!$D$7:$D$2070,$E$41,'PD REPORT'!$B$7:$B$2070,A64) -> 0 | C64: =SUMIFS('PD REPORT'!$R$7:$R$2070,'PD REPORT'!$D$7:$D$2070,$E$41,'PD REPORT'!$B$7:$B$2070,A64) -> 0 | D64: =SUMIFS('PD REPORT'!$S$7:$S$2070,'PD REPORT'!$D$7:$D$2070,$E$41,'PD REPORT'!$B$7:$B$2070,A64) -> 0 | E64: =SUMIFS('PD REPORT'!$T$7:$T$2070,'PD REPORT'!$D$7:$D$2070,$E$41,'PD REPORT'!$B$7:$B$2070,A64) -> 0 | F64: =SUM(B64:E64) -> 0 | G64: =IFERROR((C64/F64)*1000000,"") | H64: =IFERROR((D64/F64)*1000000,"") | I64: =IFERROR((E64/F64)*1000000,"") | L64: =SUMIFS('PD REPORT'!$Q$7:$Q$2070,'PD REPORT'!$D$7:$D$2070,$O$41,'PD REPORT'!$B$7:$B$2070,K64) -> 0 | M64: =SUMIFS('PD REPORT'!$R$7:$R$2070,'PD REPORT'!$D$7:$D$2070,$O$41,'PD REPORT'!$B$7:$B$2070,K64) -> 0 | N64: =SUMIFS('PD REPORT'!$S$7:$S$2070,'PD REPORT'!$D$7:$D$2070,$O$41,'PD REPORT'!$B$7:$B$2070,K64) -> 0 | O64: =SUMIFS('PD REPORT'!$T$7:$T$2070,'PD REPORT'!$D$7:$D$2070,$O$41,'PD REPORT'!$B$7:$B$2070,K64) -> 0 | P64: =SUM(L64:O64) -> 0 | Q64: =IFERROR((M64/P64)*1000000,"") | R64: =IFERROR((N64/P64)*1000000,"") | S64: =IFERROR((O64/P64)*1000000,"") | V64: =SUMIFS('PD REPORT'!$Q$7:$Q$2070,'PD REPORT'!$D$7:$D$2070,$Y$41,'PD REPORT'!$B$7:$B$2070,U64) -> 0 | W64: =SUMIFS('PD REPORT'!$R$7:$R$2070,'PD REPORT'!$D$7:$D$2070,$Y$41,'PD REPORT'!$B$7:$B$2070,U64) -> 0 | X64: =SUMIFS('PD REPORT'!$S$7:$S$2070,'PD REPORT'!$D$7:$D$2070,$Y$41,'PD REPORT'!$B$7:$B$2070,U64) -> 0 | Y64: =SUMIFS('PD REPORT'!$T$7:$T$2070,'PD REPORT'!$D$7:$D$2070,$Y$41,'PD REPORT'!$B$7:$B$2070,U64) -> 0 | Z64: =SUM(V64:Y64) -> 0 | AA64: =IFERROR((W64/Z64)*1000000,"") | AB64: =IFERROR((X64/Z64)*1000000,"") | AC64: =IFERROR((Y64/Z64)*1000000,"") | AE64: 46044 | AF64: =SUMIFS('PD REPORT'!$Q$7:$Q$2070,'PD REPORT'!$D$7:$D$2070,$AI$41,'PD REPORT'!$B$7:$B$2070,AE64) -> 0 | AG64: =SUMIFS('PD REPORT'!$R$7:$R$2070,'PD REPORT'!$D$7:$D$2070,$AI$41,'PD REPORT'!$B$7:$B$2070,AE64) -> 0 | AH64: =SUMIFS('PD REPORT'!$S$7:$S$2070,'PD REPORT'!$D$7:$D$2070,$AI$41,'PD REPORT'!$B$7:$B$2070,AE64) -> 0 | AI64: =SUMIFS('PD REPORT'!$T$7:$T$2070,'PD REPORT'!$D$7:$D$2070,$AI$41,'PD REPORT'!$B$7:$B$2070,AE64) -> 0 | AJ64: =SUM(AF64:AI64) -> 0 | AK64: =IFERROR((AG64/AJ64)*1000000,"") | AL64: =IFERROR((AH64/AJ64)*1000000,"") | AM64: =IFERROR((AI64/AJ64)*1000000,"")
B65: =SUMIFS('PD REPORT'!$Q$7:$Q$2070,'PD REPORT'!$D$7:$D$2070,$E$41,'PD REPORT'!$B$7:$B$2070,A65) -> 0 | C65: =SUMIFS('PD REPORT'!$R$7:$R$2070,'PD REPORT'!$D$7:$D$2070,$E$41,'PD REPORT'!$B$7:$B$2070,A65) -> 0 | D65: =SUMIFS('PD REPORT'!$S$7:$S$2070,'PD REPORT'!$D$7:$D$2070,$E$41,'PD REPORT'!$B$7:$B$2070,A65) -> 0 | E65: =SUMIFS('PD REPORT'!$T$7:$T$2070,'PD REPORT'!$D$7:$D$2070,$E$41,'PD REPORT'!$B$7:$B$2070,A65) -> 0 | F65: =SUM(B65:E65) -> 0 | G65: =IFERROR((C65/F65)*1000000,"") | H65: =IFERROR((D65/F65)*1000000,"") | I65: =IFERROR((E65/F65)*1000000,"") | L65: =SUMIFS('PD REPORT'!$Q$7:$Q$2070,'PD REPORT'!$D$7:$D$2070,$O$41,'PD REPORT'!$B$7:$B$2070,K65) -> 0 | M65: =SUMIFS('PD REPORT'!$R$7:$R$2070,'PD REPORT'!$D$7:$D$2070,$O$41,'PD REPORT'!$B$7:$B$2070,K65) -> 0 | N65: =SUMIFS('PD REPORT'!$S$7:$S$2070,'PD REPORT'!$D$7:$D$2070,$O$41,'PD REPORT'!$B$7:$B$2070,K65) -> 0 | O65: =SUMIFS('PD REPORT'!$T$7:$T$2070,'PD REPORT'!$D$7:$D$2070,$O$41,'PD REPORT'!$B$7:$B$2070,K65) -> 0 | P65: =SUM(L65:O65) -> 0 | Q65: =IFERROR((M65/P65)*1000000,"") | R65: =IFERROR((N65/P65)*1000000,"") | S65: =IFERROR((O65/P65)*1000000,"") | V65: =SUMIFS('PD REPORT'!$Q$7:$Q$2070,'PD REPORT'!$D$7:$D$2070,$Y$41,'PD REPORT'!$B$7:$B$2070,U65) -> 0 | W65: =SUMIFS('PD REPORT'!$R$7:$R$2070,'PD REPORT'!$D$7:$D$2070,$Y$41,'PD REPORT'!$B$7:$B$2070,U65) -> 0 | X65: =SUMIFS('PD REPORT'!$S$7:$S$2070,'PD REPORT'!$D$7:$D$2070,$Y$41,'PD REPORT'!$B$7:$B$2070,U65) -> 0 | Y65: =SUMIFS('PD REPORT'!$T$7:$T$2070,'PD REPORT'!$D$7:$D$2070,$Y$41,'PD REPORT'!$B$7:$B$2070,U65) -> 0 | Z65: =SUM(V65:Y65) -> 0 | AA65: =IFERROR((W65/Z65)*1000000,"") | AB65: =IFERROR((X65/Z65)*1000000,"") | AC65: =IFERROR((Y65/Z65)*1000000,"") | AE65: 46045 | AF65: =SUMIFS('PD REPORT'!$Q$7:$Q$2070,'PD REPORT'!$D$7:$D$2070,$AI$41,'PD REPORT'!$B$7:$B$2070,AE65) -> 0 | AG65: =SUMIFS('PD REPORT'!$R$7:$R$2070,'PD REPORT'!$D$7:$D$2070,$AI$41,'PD REPORT'!$B$7:$B$2070,AE65) -> 0 | AH65: =SUMIFS('PD REPORT'!$S$7:$S$2070,'PD REPORT'!$D$7:$D$2070,$AI$41,'PD REPORT'!$B$7:$B$2070,AE65) -> 0 | AI65: =SUMIFS('PD REPORT'!$T$7:$T$2070,'PD REPORT'!$D$7:$D$2070,$AI$41,'PD REPORT'!$B$7:$B$2070,AE65) -> 0 | AJ65: =SUM(AF65:AI65) -> 0 | AK65: =IFERROR((AG65/AJ65)*1000000,"") | AL65: =IFERROR((AH65/AJ65)*1000000,"") | AM65: =IFERROR((AI65/AJ65)*1000000,"")
B66: =SUMIFS('PD REPORT'!$Q$7:$Q$2070,'PD REPORT'!$D$7:$D$2070,$E$41,'PD REPORT'!$B$7:$B$2070,A66) -> 0 | C66: =SUMIFS('PD REPORT'!$R$7:$R$2070,'PD REPORT'!$D$7:$D$2070,$E$41,'PD REPORT'!$B$7:$B$2070,A66) -> 0 | D66: =SUMIFS('PD REPORT'!$S$7:$S$2070,'PD REPORT'!$D$7:$D$2070,$E$41,'PD REPORT'!$B$7:$B$2070,A66) -> 0 | E66: =SUMIFS('PD REPORT'!$T$7:$T$2070,'PD REPORT'!$D$7:$D$2070,$E$41,'PD REPORT'!$B$7:$B$2070,A66) -> 0 | F66: =SUM(B66:E66) -> 0 | G66: =IFERROR((C66/F66)*1000000,"") | H66: =IFERROR((D66/F66)*1000000,"") | I66: =IFERROR((E66/F66)*1000000,"") | L66: =SUMIFS('PD REPORT'!$Q$7:$Q$2070,'PD REPORT'!$D$7:$D$2070,$O$41,'PD REPORT'!$B$7:$B$2070,K66) -> 0 | M66: =SUMIFS('PD REPORT'!$R$7:$R$2070,'PD REPORT'!$D$7:$D$2070,$O$41,'PD REPORT'!$B$7:$B$2070,K66) -> 0 | N66: =SUMIFS('PD REPORT'!$S$7:$S$2070,'PD REPORT'!$D$7:$D$2070,$O$41,'PD REPORT'!$B$7:$B$2070,K66) -> 0 | O66: =SUMIFS('PD REPORT'!$T$7:$T$2070,'PD REPORT'!$D$7:$D$2070,$O$41,'PD REPORT'!$B$7:$B$2070,K66) -> 0 | P66: =SUM(L66:O66) -> 0 | Q66: =IFERROR((M66/P66)*1000000,"") | R66: =IFERROR((N66/P66)*1000000,"") | S66: =IFERROR((O66/P66)*1000000,"") | V66: =SUMIFS('PD REPORT'!$Q$7:$Q$2070,'PD REPORT'!$D$7:$D$2070,$Y$41,'PD REPORT'!$B$7:$B$2070,U66) -> 0 | W66: =SUMIFS('PD REPORT'!$R$7:$R$2070,'PD REPORT'!$D$7:$D$2070,$Y$41,'PD REPORT'!$B$7:$B$2070,U66) -> 0 | X66: =SUMIFS('PD REPORT'!$S$7:$S$2070,'PD REPORT'!$D$7:$D$2070,$Y$41,'PD REPORT'!$B$7:$B$2070,U66) -> 0 | Y66: =SUMIFS('PD REPORT'!$T$7:$T$2070,'PD REPORT'!$D$7:$D$2070,$Y$41,'PD REPORT'!$B$7:$B$2070,U66) -> 0 | Z66: =SUM(V66:Y66) -> 0 | AA66: =IFERROR((W66/Z66)*1000000,"") | AB66: =IFERROR((X66/Z66)*1000000,"") | AC66: =IFERROR((Y66/Z66)*1000000,"") | AE66: 46046 | AF66: =SUMIFS('PD REPORT'!$Q$7:$Q$2070,'PD REPORT'!$D$7:$D$2070,$AI$41,'PD REPORT'!$B$7:$B$2070,AE66) -> 0 | AG66: =SUMIFS('PD REPORT'!$R$7:$R$2070,'PD REPORT'!$D$7:$D$2070,$AI$41,'PD REPORT'!$B$7:$B$2070,AE66) -> 0 | AH66: =SUMIFS('PD REPORT'!$S$7:$S$2070,'PD REPORT'!$D$7:$D$2070,$AI$41,'PD REPORT'!$B$7:$B$2070,AE66) -> 0 | AI66: =SUMIFS('PD REPORT'!$T$7:$T$2070,'PD REPORT'!$D$7:$D$2070,$AI$41,'PD REPORT'!$B$7:$B$2070,AE66) -> 0 | AJ66: =SUM(AF66:AI66) -> 0 | AK66: =IFERROR((AG66/AJ66)*1000000,"") | AL66: =IFERROR((AH66/AJ66)*1000000,"") | AM66: =IFERROR((AI66/AJ66)*1000000,"")
B67: =SUMIFS('PD REPORT'!$Q$7:$Q$2070,'PD REPORT'!$D$7:$D$2070,$E$41,'PD REPORT'!$B$7:$B$2070,A67) -> 0 | C67: =SUMIFS('PD REPORT'!$R$7:$R$2070,'PD REPORT'!$D$7:$D$2070,$E$41,'PD REPORT'!$B$7:$B$2070,A67) -> 0 | D67: =SUMIFS('PD REPORT'!$S$7:$S$2070,'PD REPORT'!$D$7:$D$2070,$E$41,'PD REPORT'!$B$7:$B$2070,A67) -> 0 | E67: =SUMIFS('PD REPORT'!$T$7:$T$2070,'PD REPORT'!$D$7:$D$2070,$E$41,'PD REPORT'!$B$7:$B$2070,A67) -> 0 | F67: =SUM(B67:E67) -> 0 | G67: =IFERROR((C67/F67)*1000000,"") | H67: =IFERROR((D67/F67)*1000000,"") | I67: =IFERROR((E67/F67)*1000000,"") | L67: =SUMIFS('PD REPORT'!$Q$7:$Q$2070,'PD REPORT'!$D$7:$D$2070,$O$41,'PD REPORT'!$B$7:$B$2070,K67) -> 0 | M67: =SUMIFS('PD REPORT'!$R$7:$R$2070,'PD REPORT'!$D$7:$D$2070,$O$41,'PD REPORT'!$B$7:$B$2070,K67) -> 0 | N67: =SUMIFS('PD REPORT'!$S$7:$S$2070,'PD REPORT'!$D$7:$D$2070,$O$41,'PD REPORT'!$B$7:$B$2070,K67) -> 0 | O67: =SUMIFS('PD REPORT'!$T$7:$T$2070,'PD REPORT'!$D$7:$D$2070,$O$41,'PD REPORT'!$B$7:$B$2070,K67) -> 0 | P67: =SUM(L67:O67) -> 0 | Q67: =IFERROR((M67/P67)*1000000,"") | R67: =IFERROR((N67/P67)*1000000,"") | S67: =IFERROR((O67/P67)*1000000,"") | V67: =SUMIFS('PD REPORT'!$Q$7:$Q$2070,'PD REPORT'!$D$7:$D$2070,$Y$41,'PD REPORT'!$B$7:$B$2070,U67) -> 0 | W67: =SUMIFS('PD REPORT'!$R$7:$R$2070,'PD REPORT'!$D$7:$D$2070,$Y$41,'PD REPORT'!$B$7:$B$2070,U67) -> 0 | X67: =SUMIFS('PD REPORT'!$S$7:$S$2070,'PD REPORT'!$D$7:$D$2070,$Y$41,'PD REPORT'!$B$7:$B$2070,U67) -> 0 | Y67: =SUMIFS('PD REPORT'!$T$7:$T$2070,'PD REPORT'!$D$7:$D$2070,$Y$41,'PD REPORT'!$B$7:$B$2070,U67) -> 0 | Z67: =SUM(V67:Y67) -> 0 | AA67: =IFERROR((W67/Z67)*1000000,"") | AB67: =IFERROR((X67/Z67)*1000000,"") | AC67: =IFERROR((Y67/Z67)*1000000,"") | AE67: 46047 | AF67: =SUMIFS('PD REPORT'!$Q$7:$Q$2070,'PD REPORT'!$D$7:$D$2070,$AI$41,'PD REPORT'!$B$7:$B$2070,AE67) -> 0 | AG67: =SUMIFS('PD REPORT'!$R$7:$R$2070,'PD REPORT'!$D$7:$D$2070,$AI$41,'PD REPORT'!$B$7:$B$2070,AE67) -> 0 | AH67: =SUMIFS('PD REPORT'!$S$7:$S$2070,'PD REPORT'!$D$7:$D$2070,$AI$41,'PD REPORT'!$B$7:$B$2070,AE67) -> 0 | AI67: =SUMIFS('PD REPORT'!$T$7:$T$2070,'PD REPORT'!$D$7:$D$2070,$AI$41,'PD REPORT'!$B$7:$B$2070,AE67) -> 0 | AJ67: =SUM(AF67:AI67) -> 0 | AK67: =IFERROR((AG67/AJ67)*1000000,"") | AL67: =IFERROR((AH67/AJ67)*1000000,"") | AM67: =IFERROR((AI67/AJ67)*1000000,"")
B68: =SUMIFS('PD REPORT'!$Q$7:$Q$2070,'PD REPORT'!$D$7:$D$2070,$E$41,'PD REPORT'!$B$7:$B$2070,A68) -> 0 | C68: =SUMIFS('PD REPORT'!$R$7:$R$2070,'PD REPORT'!$D$7:$D$2070,$E$41,'PD REPORT'!$B$7:$B$2070,A68) -> 0 | D68: =SUMIFS('PD REPORT'!$S$7:$S$2070,'PD REPORT'!$D$7:$D$2070,$E$41,'PD REPORT'!$B$7:$B$2070,A68) -> 0 | E68: =SUMIFS('PD REPORT'!$T$7:$T$2070,'PD REPORT'!$D$7:$D$2070,$E$41,'PD REPORT'!$B$7:$B$2070,A68) -> 0 | F68: =SUM(B68:E68) -> 0 | G68: =IFERROR((C68/F68)*1000000,"") | H68: =IFERROR((D68/F68)*1000000,"") | I68: =IFERROR((E68/F68)*1000000,"") | L68: =SUMIFS('PD REPORT'!$Q$7:$Q$2070,'PD REPORT'!$D$7:$D$2070,$O$41,'PD REPORT'!$B$7:$B$2070,K68) -> 0 | M68: =SUMIFS('PD REPORT'!$R$7:$R$2070,'PD REPORT'!$D$7:$D$2070,$O$41,'PD REPORT'!$B$7:$B$2070,K68) -> 0 | N68: =SUMIFS('PD REPORT'!$S$7:$S$2070,'PD REPORT'!$D$7:$D$2070,$O$41,'PD REPORT'!$B$7:$B$2070,K68) -> 0 | O68: =SUMIFS('PD REPORT'!$T$7:$T$2070,'PD REPORT'!$D$7:$D$2070,$O$41,'PD REPORT'!$B$7:$B$2070,K68) -> 0 | P68: =SUM(L68:O68) -> 0 | Q68: =IFERROR((M68/P68)*1000000,"") | R68: =IFERROR((N68/P68)*1000000,"") | S68: =IFERROR((O68/P68)*1000000,"") | V68: =SUMIFS('PD REPORT'!$Q$7:$Q$2070,'PD REPORT'!$D$7:$D$2070,$Y$41,'PD REPORT'!$B$7:$B$2070,U68) -> 0 | W68: =SUMIFS('PD REPORT'!$R$7:$R$2070,'PD REPORT'!$D$7:$D$2070,$Y$41,'PD REPORT'!$B$7:$B$2070,U68) -> 0 | X68: =SUMIFS('PD REPORT'!$S$7:$S$2070,'PD REPORT'!$D$7:$D$2070,$Y$41,'PD REPORT'!$B$7:$B$2070,U68) -> 0 | Y68: =SUMIFS('PD REPORT'!$T$7:$T$2070,'PD REPORT'!$D$7:$D$2070,$Y$41,'PD REPORT'!$B$7:$B$2070,U68) -> 0 | Z68: =SUM(V68:Y68) -> 0 | AA68: =IFERROR((W68/Z68)*1000000,"") | AB68: =IFERROR((X68/Z68)*1000000,"") | AC68: =IFERROR((Y68/Z68)*1000000,"") | AE68: 46048 | AF68: =SUMIFS('PD REPORT'!$Q$7:$Q$2070,'PD REPORT'!$D$7:$D$2070,$AI$41,'PD REPORT'!$B$7:$B$2070,AE68) -> 0 | AG68: =SUMIFS('PD REPORT'!$R$7:$R$2070,'PD REPORT'!$D$7:$D$2070,$AI$41,'PD REPORT'!$B$7:$B$2070,AE68) -> 0 | AH68: =SUMIFS('PD REPORT'!$S$7:$S$2070,'PD REPORT'!$D$7:$D$2070,$AI$41,'PD REPORT'!$B$7:$B$2070,AE68) -> 0 | AI68: =SUMIFS('PD REPORT'!$T$7:$T$2070,'PD REPORT'!$D$7:$D$2070,$AI$41,'PD REPORT'!$B$7:$B$2070,AE68) -> 0 | AJ68: =SUM(AF68:AI68) -> 0 | AK68: =IFERROR((AG68/AJ68)*1000000,"") | AL68: =IFERROR((AH68/AJ68)*1000000,"") | AM68: =IFERROR((AI68/AJ68)*1000000,"")
B69: =SUMIFS('PD REPORT'!$Q$7:$Q$2070,'PD REPORT'!$D$7:$D$2070,$E$41,'PD REPORT'!$B$7:$B$2070,A69) -> 0 | C69: =SUMIFS('PD REPORT'!$R$7:$R$2070,'PD REPORT'!$D$7:$D$2070,$E$41,'PD REPORT'!$B$7:$B$2070,A69) -> 0 | D69: =SUMIFS('PD REPORT'!$S$7:$S$2070,'PD REPORT'!$D$7:$D$2070,$E$41,'PD REPORT'!$B$7:$B$2070,A69) -> 0 | E69: =SUMIFS('PD REPORT'!$T$7:$T$2070,'PD REPORT'!$D$7:$D$2070,$E$41,'PD REPORT'!$B$7:$B$2070,A69) -> 0 | F69: =SUM(B69:E69) -> 0 | G69: =IFERROR((C69/F69)*1000000,"") | H69: =IFERROR((D69/F69)*1000000,"") | I69: =IFERROR((E69/F69)*1000000,"") | L69: =SUMIFS('PD REPORT'!$Q$7:$Q$2070,'PD REPORT'!$D$7:$D$2070,$O$41,'PD REPORT'!$B$7:$B$2070,K69) -> 0 | M69: =SUMIFS('PD REPORT'!$R$7:$R$2070,'PD REPORT'!$D$7:$D$2070,$O$41,'PD REPORT'!$B$7:$B$2070,K69) -> 0 | N69: =SUMIFS('PD REPORT'!$S$7:$S$2070,'PD REPORT'!$D$7:$D$2070,$O$41,'PD REPORT'!$B$7:$B$2070,K69) -> 0 | O69: =SUMIFS('PD REPORT'!$T$7:$T$2070,'PD REPORT'!$D$7:$D$2070,$O$41,'PD REPORT'!$B$7:$B$2070,K69) -> 0 | P69: =SUM(L69:O69) -> 0 | Q69: =IFERROR((M69/P69)*1000000,"") | R69: =IFERROR((N69/P69)*1000000,"") | S69: =IFERROR((O69/P69)*1000000,"") | AE69: 46049 | AF69: =SUMIFS('PD REPORT'!$Q$7:$Q$2070,'PD REPORT'!$D$7:$D$2070,$AI$41,'PD REPORT'!$B$7:$B$2070,AE69) -> 0 | AG69: =SUMIFS('PD REPORT'!$R$7:$R$2070,'PD REPORT'!$D$7:$D$2070,$AI$41,'PD REPORT'!$B$7:$B$2070,AE69) -> 0 | AH69: =SUMIFS('PD REPORT'!$S$7:$S$2070,'PD REPORT'!$D$7:$D$2070,$AI$41,'PD REPORT'!$B$7:$B$2070,AE69) -> 0 | AI69: =SUMIFS('PD REPORT'!$T$7:$T$2070,'PD REPORT'!$D$7:$D$2070,$AI$41,'PD REPORT'!$B$7:$B$2070,AE69) -> 0 | AJ69: =SUM(AF69:AI69) -> 0 | AK69: =IFERROR((AG69/AJ69)*1000000,"") | AL69: =IFERROR((AH69/AJ69)*1000000,"") | AM69: =IFERROR((AI69/AJ69)*1000000,"")
B70: =SUMIFS('PD REPORT'!$Q$7:$Q$2070,'PD REPORT'!$D$7:$D$2070,$E$41,'PD REPORT'!$B$7:$B$2070,A70) -> 0 | C70: =SUMIFS('PD REPORT'!$R$7:$R$2070,'PD REPORT'!$D$7:$D$2070,$E$41,'PD REPORT'!$B$7:$B$2070,A70) -> 0 | D70: =SUMIFS('PD REPORT'!$S$7:$S$2070,'PD REPORT'!$D$7:$D$2070,$E$41,'PD REPORT'!$B$7:$B$2070,A70) -> 0 | E70: =SUMIFS('PD REPORT'!$T$7:$T$2070,'PD REPORT'!$D$7:$D$2070,$E$41,'PD REPORT'!$B$7:$B$2070,A70) -> 0 | F70: =SUM(B70:E70) -> 0 | G70: =IFERROR((C70/F70)*1000000,"") | H70: =IFERROR((D70/F70)*1000000,"") | I70: =IFERROR((E70/F70)*1000000,"") | L70: =SUMIFS('PD REPORT'!$Q$7:$Q$2070,'PD REPORT'!$D$7:$D$2070,$O$41,'PD REPORT'!$B$7:$B$2070,K70) -> 0 | M70: =SUMIFS('PD REPORT'!$R$7:$R$2070,'PD REPORT'!$D$7:$D$2070,$O$41,'PD REPORT'!$B$7:$B$2070,K70) -> 0 | N70: =SUMIFS('PD REPORT'!$S$7:$S$2070,'PD REPORT'!$D$7:$D$2070,$O$41,'PD REPORT'!$B$7:$B$2070,K70) -> 0 | O70: =SUMIFS('PD REPORT'!$T$7:$T$2070,'PD REPORT'!$D$7:$D$2070,$O$41,'PD REPORT'!$B$7:$B$2070,K70) -> 0 | P70: =SUM(L70:O70) -> 0 | Q70: =IFERROR((M70/P70)*1000000,"") | R70: =IFERROR((N70/P70)*1000000,"") | S70: =IFERROR((O70/P70)*1000000,"") | AE70: 46050 | AF70: =SUMIFS('PD REPORT'!$Q$7:$Q$2070,'PD REPORT'!$D$7:$D$2070,$AI$41,'PD REPORT'!$B$7:$B$2070,AE70) -> 0 | AG70: =SUMIFS('PD REPORT'!$R$7:$R$2070,'PD REPORT'!$D$7:$D$2070,$AI$41,'PD REPORT'!$B$7:$B$2070,AE70) -> 0 | AH70: =SUMIFS('PD REPORT'!$S$7:$S$2070,'PD REPORT'!$D$7:$D$2070,$AI$41,'PD REPORT'!$B$7:$B$2070,AE70) -> 0 | AI70: =SUMIFS('PD REPORT'!$T$7:$T$2070,'PD REPORT'!$D$7:$D$2070,$AI$41,'PD REPORT'!$B$7:$B$2070,AE70) -> 0 | AJ70: =SUM(AF70:AI70) -> 0 | AK70: =IFERROR((AG70/AJ70)*1000000,"") | AL70: =IFERROR((AH70/AJ70)*1000000,"") | AM70: =IFERROR((AI70/AJ70)*1000000,"")
B71: =SUMIFS('PD REPORT'!$Q$7:$Q$2070,'PD REPORT'!$D$7:$D$2070,$E$41,'PD REPORT'!$B$7:$B$2070,A71) -> 0 | C71: =SUMIFS('PD REPORT'!$R$7:$R$2070,'PD REPORT'!$D$7:$D$2070,$E$41,'PD REPORT'!$B$7:$B$2070,A71) -> 0 | D71: =SUMIFS('PD REPORT'!$S$7:$S$2070,'PD REPORT'!$D$7:$D$2070,$E$41,'PD REPORT'!$B$7:$B$2070,A71) -> 0 | E71: =SUMIFS('PD REPORT'!$T$7:$T$2070,'PD REPORT'!$D$7:$D$2070,$E$41,'PD REPORT'!$B$7:$B$2070,A71) -> 0 | F71: =SUM(B71:E71) -> 0 | G71: =IFERROR((C71/F71)*1000000,"") | H71: =IFERROR((D71/F71)*1000000,"") | I71: =IFERROR((E71/F71)*1000000,"") | L71: =SUMIFS('PD REPORT'!$Q$7:$Q$2070,'PD REPORT'!$D$7:$D$2070,$O$41,'PD REPORT'!$B$7:$B$2070,K71) -> 0 | M71: =SUMIFS('PD REPORT'!$R$7:$R$2070,'PD REPORT'!$D$7:$D$2070,$O$41,'PD REPORT'!$B$7:$B$2070,K71) -> 0 | N71: =SUMIFS('PD REPORT'!$S$7:$S$2070,'PD REPORT'!$D$7:$D$2070,$O$41,'PD REPORT'!$B$7:$B$2070,K71) -> 0 | O71: =SUMIFS('PD REPORT'!$T$7:$T$2070,'PD REPORT'!$D$7:$D$2070,$O$41,'PD REPORT'!$B$7:$B$2070,K71) -> 0 | P71: =SUM(L71:O71) -> 0 | Q71: =IFERROR((M71/P71)*1000000,"") | R71: =IFERROR((N71/P71)*1000000,"") | S71: =IFERROR((O71/P71)*1000000,"") | AE71: 46051 | AF71: =SUMIFS('PD REPORT'!$Q$7:$Q$2070,'PD REPORT'!$D$7:$D$2070,$AI$41,'PD REPORT'!$B$7:$B$2070,AE71) -> 0 | AG71: =SUMIFS('PD REPORT'!$R$7:$R$2070,'PD REPORT'!$D$7:$D$2070,$AI$41,'PD REPORT'!$B$7:$B$2070,AE71) -> 0 | AH71: =SUMIFS('PD REPORT'!$S$7:$S$2070,'PD REPORT'!$D$7:$D$2070,$AI$41,'PD REPORT'!$B$7:$B$2070,AE71) -> 0 | AI71: =SUMIFS('PD REPORT'!$T$7:$T$2070,'PD REPORT'!$D$7:$D$2070,$AI$41,'PD REPORT'!$B$7:$B$2070,AE71) -> 0 | AJ71: =SUM(AF71:AI71) -> 0 | AK71: =IFERROR((AG71/AJ71)*1000000,"") | AL71: =IFERROR((AH71/AJ71)*1000000,"") | AM71: =IFERROR((AI71/AJ71)*1000000,"")
B72: =SUMIFS('PD REPORT'!$Q$7:$Q$2070,'PD REPORT'!$D$7:$D$2070,$E$41,'PD REPORT'!$B$7:$B$2070,A72) -> 0 | C72: =SUMIFS('PD REPORT'!$R$7:$R$2070,'PD REPORT'!$D$7:$D$2070,$E$41,'PD REPORT'!$B$7:$B$2070,A72) -> 0 | D72: =SUMIFS('PD REPORT'!$S$7:$S$2070,'PD REPORT'!$D$7:$D$2070,$E$41,'PD REPORT'!$B$7:$B$2070,A72) -> 0 | E72: =SUMIFS('PD REPORT'!$T$7:$T$2070,'PD REPORT'!$D$7:$D$2070,$E$41,'PD REPORT'!$B$7:$B$2070,A72) -> 0 | F72: =SUM(B72:E72) -> 0 | G72: =IFERROR((C72/F72)*1000000,"") | H72: =IFERROR((D72/F72)*1000000,"") | I72: =IFERROR((E72/F72)*1000000,"") | L72: =SUMIFS('PD REPORT'!$Q$7:$Q$2070,'PD REPORT'!$D$7:$D$2070,$O$41,'PD REPORT'!$B$7:$B$2070,K72) -> 0 | M72: =SUMIFS('PD REPORT'!$R$7:$R$2070,'PD REPORT'!$D$7:$D$2070,$O$41,'PD REPORT'!$B$7:$B$2070,K72) -> 0 | N72: =SUMIFS('PD REPORT'!$S$7:$S$2070,'PD REPORT'!$D$7:$D$2070,$O$41,'PD REPORT'!$B$7:$B$2070,K72) -> 0 | O72: =SUMIFS('PD REPORT'!$T$7:$T$2070,'PD REPORT'!$D$7:$D$2070,$O$41,'PD REPORT'!$B$7:$B$2070,K72) -> 0 | P72: =SUM(L72:O72) -> 0 | Q72: =IFERROR((M72/P72)*1000000,"") | R72: =IFERROR((N72/P72)*1000000,"") | S72: =IFERROR((O72/P72)*1000000,"") | AE72: 46052 | AF72: =SUMIFS('PD REPORT'!$Q$7:$Q$2070,'PD REPORT'!$D$7:$D$2070,$AI$41,'PD REPORT'!$B$7:$B$2070,AE72) -> 0 | AG72: =SUMIFS('PD REPORT'!$R$7:$R$2070,'PD REPORT'!$D$7:$D$2070,$AI$41,'PD REPORT'!$B$7:$B$2070,AE72) -> 0 | AH72: =SUMIFS('PD REPORT'!$S$7:$S$2070,'PD REPORT'!$D$7:$D$2070,$AI$41,'PD REPORT'!$B$7:$B$2070,AE72) -> 0 | AI72: =SUMIFS('PD REPORT'!$T$7:$T$2070,'PD REPORT'!$D$7:$D$2070,$AI$41,'PD REPORT'!$B$7:$B$2070,AE72) -> 0 | AJ72: =SUM(AF72:AI72) -> 0 | AK72: =IFERROR((AG72/AJ72)*1000000,"") | AL72: =IFERROR((AH72/AJ72)*1000000,"") | AM72: =IFERROR((AI72/AJ72)*1000000,"")
A73: Grand Total | B73: =SUMIFS('PD REPORT'!$Q$7:$Q$2070,'PD REPORT'!$D$7:$D$2070,$E$41,'PD REPORT'!$B$7:$B$2070,A73) -> 0 | C73: =SUMIFS('PD REPORT'!$R$7:$R$2070,'PD REPORT'!$D$7:$D$2070,$E$41,'PD REPORT'!$B$7:$B$2070,A73) -> 0 | D73: =SUMIFS('PD REPORT'!$S$7:$S$2070,'PD REPORT'!$D$7:$D$2070,$E$41,'PD REPORT'!$B$7:$B$2070,A73) -> 0 | E73: =SUMIFS('PD REPORT'!$T$7:$T$2070,'PD REPORT'!$D$7:$D$2070,$E$41,'PD REPORT'!$B$7:$B$2070,A73) -> 0 | F73: =SUM(B73:E73) -> 0 | G73: =IFERROR((C73/F73)*1000000,"") | H73: =IFERROR((D73/F73)*1000000,"") | I73: =IFERROR((E73/F73)*1000000,"") | L73: =SUMIFS('PD REPORT'!$Q$7:$Q$2070,'PD REPORT'!$D$7:$D$2070,$O$41,'PD REPORT'!$B$7:$B$2070,K73) -> 0 | M73: =SUMIFS('PD REPORT'!$R$7:$R$2070,'PD REPORT'!$D$7:$D$2070,$O$41,'PD REPORT'!$B$7:$B$2070,K73) -> 0 | N73: =SUMIFS('PD REPORT'!$S$7:$S$2070,'PD REPORT'!$D$7:$D$2070,$O$41,'PD REPORT'!$B$7:$B$2070,K73) -> 0 | O73: =SUMIFS('PD REPORT'!$T$7:$T$2070,'PD REPORT'!$D$7:$D$2070,$O$41,'PD REPORT'!$B$7:$B$2070,K73) -> 0 | P73: =SUM(L73:O73) -> 0 | Q73: =IFERROR((M73/P73)*1000000,"") | R73: =IFERROR((N73/P73)*1000000,"") | S73: =IFERROR((O73/P73)*1000000,"") | AE73: 46053 | AF73: =SUMIFS('PD REPORT'!$Q$7:$Q$2070,'PD REPORT'!$D$7:$D$2070,$AI$41,'PD REPORT'!$B$7:$B$2070,AE73) -> 0 | AG73: =SUMIFS('PD REPORT'!$R$7:$R$2070,'PD REPORT'!$D$7:$D$2070,$AI$41,'PD REPORT'!$B$7:$B$2070,AE73) -> 0 | AH73: =SUMIFS('PD REPORT'!$S$7:$S$2070,'PD REPORT'!$D$7:$D$2070,$AI$41,'PD REPORT'!$B$7:$B$2070,AE73) -> 0 | AI73: =SUMIFS('PD REPORT'!$T$7:$T$2070,'PD REPORT'!$D$7:$D$2070,$AI$41,'PD REPORT'!$B$7:$B$2070,AE73) -> 0 | AJ73: =SUM(AF73:AI73) -> 0 | AK73: =IFERROR((AG73/AJ73)*1000000,"") | AL73: =IFERROR((AH73/AJ73)*1000000,"") | AM73: =IFERROR((AI73/AJ73)*1000000,"")
G91: =IFERROR((1000000*C91)/F91,"") | H91: =IFERROR((1000000*D91)/F91,"") | I91: =IFERROR((1000000*E91)/F91,"")
A93: EG+IG PPM Rew+Rej+TR Average | G93: =AVERAGE(G95:G121) -> 161.80153
A94: Date | B94: Sum of Good | C94: Sum of Rework | D94: Sum of IN Running REJ. | E94: Sum of T.R | F94: Total Qty. | G94: TR PPM
A95: (blank) | B95: 4097 | C95: 25 | E95: 2 | F95: =SUM(B95:E95) -> 4124 | G95: =IFERROR((E95/F95)*1000000,"") -> 484.96605
A96: 46054 | B96: 2134 | C96: 39 | D96: 12 | F96: =SUM(B96:E96) -> 2185 | G96: =IFERROR((E96/F96)*1000000,"") -> 0
A97: 46055 | B97: 1612 | C97: 21 | D97: 1 | F97: =SUM(B97:E97) -> 1634 | G97: =IFERROR((E97/F97)*1000000,"") -> 0
A98: 46056 | B98: 1164 | C98: 23 | D98: 4 | E98: 1 | F98: =SUM(B98:E98) -> 1192 | G98: =IFERROR((E98/F98)*1000000,"") -> 838.92617
A99: 46057 | B99: 2180 | C99: 15 | D99: 6 | F99: =SUM(B99:E99) -> 2201 | G99: =IFERROR((E99/F99)*1000000,"") -> 0
A100: 46058 | B100: 4425 | C100: 8 | D100: 1 | F100: =SUM(B100:E100) -> 4434 | G100: =IFERROR((E100/F100)*1000000,"") -> 0
A101: 46059 | B101: 3726 | C101: 16 | F101: =SUM(B101:E101) -> 3742 | G101: =IFERROR((E101/F101)*1000000,"") -> 0
A102: 46060 | B102: 2539 | C102: 3 | F102: =SUM(B102:E102) -> 2542 | G102: =IFERROR((E102/F102)*1000000,"") -> 0
A103: 46061 | B103: 2540 | C103: 9 | D103: 4 | F103: =SUM(B103:E103) -> 2553 | G103: =IFERROR((E103/F103)*1000000,"") -> 0
A104: 46062 | B104: 3638 | C104: 15 | D104: 17 | E104: 1 | F104: =SUM(B104:E104) -> 3671 | G104: =IFERROR((E104/F104)*1000000,"") -> 272.40534
A105: 46063 | B105: 5084 | C105: 24 | D105: 4 | E105: 1 | F105: =SUM(B105:E105) -> 5113 | G105: =IFERROR((E105/F105)*1000000,"") -> 195.57989
A106: Grand Total | B106: 33139 | C106: 198 | D106: 49 | E106: 5 | F106: =SUM(B106:E106) -> 33391 | G106: =IFERROR((E106/F106)*1000000,"") -> 149.74095
F107: =SUM(B107:E107) -> 0 | G107: =IFERROR((E107/F107)*1000000,"")
F108: =SUM(B108:E108) -> 0 | G108: =IFERROR((E108/F108)*1000000,"")
F109: =SUM(B109:E109) -> 0 | G109: =IFERROR((E109/F109)*1000000,"")
F110: =SUM(B110:E110) -> 0 | G110: =IFERROR((E110/F110)*1000000,"")
F111: =SUM(B111:E111) -> 0 | G111: =IFERROR((E111/F111)*1000000,"")
F112: =SUM(B112:E112) -> 0 | G112: =IFERROR((E112/F112)*1000000,"")
F113: =SUM(B113:E113) -> 0 | G113: =IFERROR((E113/F113)*1000000,"")
F114: =SUM(B114:E114) -> 0 | G114: =IFERROR((E114/F114)*1000000,"")
F115: =SUM(B115:E115) -> 0 | G115: =IFERROR((E115/F115)*1000000,"")
F116: =SUM(B116:E116) -> 0 | G116: =IFERROR((E116/F116)*1000000,"")
F117: =SUM(B117:E117) -> 0 | G117: =IFERROR((E117/F117)*1000000,"")
F118: =SUM(B118:E118) -> 0 | G118: =IFERROR((E118/F118)*1000000,"")
... F121: =SUM(B121:E121) -> 0 | G121: =IFERROR((E121/F121)*1000000,"")
G122: =IFERROR((E122/F122)*1000000,"")

Sheet MACHINE
A1: Operator | B1: Machine | C1: Operation
A2: Raymalbhai Bharathiya | B2: IG.01 | C2: SFODG
A3: Bilal | B3: IG.04 | C3: FODG
A4: Deval | B4: IG.11 | C4: RODG
A5: Pawan | B5: IG.12 | C5: FG
A6: Baldev Dabhi | B6: IG.13 | C6: RFG
A7: Kishan K | B7: IG.14 | C7: TG
A8: Hritik singh | B8: IG.15 | C8: RTG
A9: Dharmendra | B9: IG.16 | C9: CODG
A10: Dilip Panday | B10: IG.17 | C10: BG
A11: Kishan Garthiya | B11: IG.18 | C11: RBG
A12: Jaglal Gupta | B12: HO.02 | C12: HONING
... A18: Kaushik Vasveliya | B18: HO.08 OR | C18: Washar
A19: Ketan | B19: HO.09 IR
A20: Pankajbhai Khasiya | B20: HO.09 OR
A21: Kishan | B21: FG.03
A22: Taslimbhai Kondhiya | B22: FG.04
A23: Rahul Loladiya | B23: CG.02
A24: Badriprasad Mali | B24: CG.03
A25: Varshaben Mankoliya | B25: CG.04
A26: Manojbhai | B26: EG.02
A27: Nihar Sheth | B27: EG.04
A28: Ramdeen Nishad | B28: EG.05
A29: Pankaj Oganiya | B29: EG.07
A30: Rinaben Oganiya | B30: HO.10
... A35: Pravin Baraiya | B35: EG.03
A36: Abhijitsinh Rana
A37: Parulben Ranga
A38: Nareshbhai Rathod
A39: Ravikumar Sharma
A40: Rutvik
A41: Sanjay
A42: Shamjibhai Satapara
A43: Ramesh Shakriya
A44: Umang
A45: Kiran Vaghadiya
A46: Kalpeshbhai Vasoya
A47: Vishal Danavadiya
... A108: Kishor Kumar
AY344: 540
AK352: 540
AY353: 540
AY354: 540
AY356: 540
AK357: 540
AY358: 540
AY359: 540
AY360: 540
AY362: 540
AY369: 540
AY370: 540
AK373: 540
AK384: 540
AI387: 30 | AX387: 15
AI389: 45 | AK389: 10 | AS389: 15
AI391: 45 | AX391: 15
AG392: 280 | AI392: 10
AK393: 540
AI394: 30 | AS394: 15 | AV394: 40 | AX394: 15
AY395: 540
AG396: 15 | AI396: 20 | AK396: 60 | AX396: 15
AI397: 30 | AX397: 15
AI398: 10 | AS398: 15 | AX398: 15
AI399: 10 | AK399: 240 | AX399: 15
AI400: 20 | AS400: 15 | AV400: 10 | AX400: 15
AI401: 10 | AK401: 180 | AN401: 130
AI402: 10 | AK402: 180 | AN402: 130 | AS402: 15 | AV402: 165 | AX402: 15
AK403: 400 | AX403: 15
AJ404: 90
AK406: 420
AK409: 90
AK412: 420
AI414: 60 | AV414: 60
AI415: 40 | AS415: 15 | AX415: 30
AI416: 30 | AS416: 15 | AV416: 10 | AX416: 30
AI420: 10 | AO420: 180
AI421: 20 | AX421: 15
AI422: 20 | AX422: 15
AI423: 10 | AX423: 15
AX424: 15
AG425: 15 | AI425: 30 | AX425: 15
AI426: 20 | AS426: 15 | AX426: 15
A1394: 45556 | C1394: FG | E1394: 240809006 | I1394: 1 | J1394: 2800 | O1394: 360
A1395: 45556 | C1395: FG | E1395: 240910024 | I1395: 1 | O1395: 120
A1396: 45556 | C1396: FG | E1396: 240912005 | I1396: 1 | J1396: 516 | O1396: 300
A1397: 45556 | I1397: 1 | J1397: 1728 | O1397: 60 | P1397: 120
A1398: 45556
A1399: 45556 | C1399: RFG | E1399: 240728001 | I1399: 1 | J1399: 23756 | O1399: 210 | P1399: 60 | Q1399: 60
A1400: 45556 | C1400: RFG | E1400: 240728001 | I1400: 1 | J1400: 4350 | O1400: 60 | AJ1400: 30 | AV1400: 60
A1401: 45556 | C1401: FODG
A1402: 45556
A1403: 45556
A1404: 45556
A1405: 45556
A1406: 45556
A1407: 45556
A1408: 45556
A1409: 45556
A1410: 45556
A1411: 45556
...

Sheet KPI Data
A1: Production KPI Data Jan-2026
A2: 21 | B2: PD-01 | C2: Process capability Index | D2: ≥ 1.67 | E2: 1.67 | F2: 1.35
A3: 22 | B3: PD-02 | C3: Production achievement against planned rings | D3: >95 % | E3: 95 | F3: 69
A4: 24 | B4: PD-04 | C4: Rejection of IR / OR Face Grinding operation | D4: < 400 ppm | E4: 400 | F4: ='Backend Data for KPI'!AB41 -> 162.06743
A5: 25 | B5: PD-05 | C5: Soft Machining Rejection IR / OR while Face Grinding operation | D5: <150 ppm | E5: 150 | F5: ='Backend Data for KPI'!AC41 -> 4.9775017
A6: 26 | B6: PD-06 | C6: Turning Rejection of IR / OR while Center less Grinding operation | D6: <1000 ppm | E6: 1000 | F6: ='Backend Data for KPI'!AM41 -> #DIV/0!
A7: 27 | B7: PD-07 | C7: Rejection of IR-OR / IG Grinding operation | D7: <1500 ppm | E7: 1500 | F7: ='Backend Data for KPI'!H41 -> 21360.911
A8: 28 | B8: PD-08 | C8: Rejection of IR -OR EG Grinding operation | D8: <1500 ppm | E8: 1500 | F8: ='Backend Data for KPI'!R41 -> 1939.1249
B9: PD-09 | C9: Rework of IR/OR IG operation | D9: <7500 ppm | E9: 7500 | F9: ='Backend Data for KPI'!G41 -> 36255.989
B10: PD-10 | C10: Rework of IR/OR EG operation | D10: <3000 ppm | E10: 3000 | F10: ='Backend Data for KPI'!Q41 -> 7637.6717
A11: 29 | B11: PD-11 | C11: Turning Rejection of IR/OR while IG/EG Grinding operation | D11: <700 ppm | E11: 700 | F11: ='Backend Data for KPI'!G93 -> 161.80153
A12: 31 | B12: PD-13 | C12: Average output per person Production | D12: >5000 | E12: 5000
A13: 32 | B13: PD-14 | C13: Finished ring inventory | D13: <20% of sales | E13: 20
A14: 33 | B14: PD-15 | C14: Lead time monitoring of route card up to WIP | D14: >90% within 25 days | E14: 90
A15: 34 | B15: PD-16 | C15: OEE Monitoring | D15: > 65% | E15: 65

Sheet Graph
H1: IG Sectionn Graph KPI Data | L1: PD-07 | M1: PD-09
A3: M | B3: 1
A4: 50 | B4: 100
A5: 10 | B5: 3000
A6: 30 | B6: 4000
H23: EG Sectionn Graph KPI Data | L23: PD-10 | M23: PD-08
H44: FG Sectionn Graph KPI Data | L44: PD-04 | M44: PD-05
H66: IG & EG Sectionn Graph KPI Data | L66: PD-11

Sheet Sheet1
J16: \
J17: 123456789
E19: ZXCVBNMASDFGHJKLQWERTYUIOP[]=-0987654321``
E20: C]-;pgrh]E;G
